,artist_name,song_name,lyric
0,노을,밤이 오는 거리 (Feat. 다이나믹듀오),"밤이 오는 이 거리
어느 새 많은 사람들
차가워진 계절에
네가 생각나는 이 밤
차갑게 식은 밤
거리는 내리는 비가 적시고
메마른 내 맘은 몇 잔의 술이 적시고
참 딱하기도 하지 보고 있어 아직
지우지 못한 전화기 속
문자들 네 사진
널 아직도 못 보낸
내 자신이 너무 구차해서 분해
하다가도 갑자기 밀려 와
끝까지 잡지 못한 후회
터진 수도관처럼 그리움이 물이 돼
쏟아져 넘쳐 내 눈에
이젠 익숙해져가
나 없이 보낼 네 모습도
누군가에 안겨서 함께 있을 모습도
내 입에 입 맞추던
널 안고 밤을 새우던
그때처럼 어딘가에서
밤이 오는 거리 어느새 많은 사람들
달라진 계절에 괜히 조금 울적한 밤
어느 샌가
취해져 가면
또 괜히 네 생각이 나는 지금 이 거리
요즘 내 기분처럼
큰 폭으로 움직이는 일교차
분주한 밤에 뒤편에서
독한 Liquor Shot
열정에 사로잡혀 있던
그때 그 날씨에
비해 지금 공기는 많이
날카로운 기분 oh
스웨터를 꺼냈어
몇 계절 전에 입었던
지웠던 잊었던 힘겹게 비웠던
너의 모습과 옷에
묻어있는 너의 체취
떠올라도 웃어 넘기지 못해
무뎌진 재치
거리에 수많은 불빛 담배연기
떠나가는 사람들
남은 잔을 모두 비우고 일어날 때 쯤
내가 많이 취했나 봐
지금 내 머릿속엔 계속
네 얼굴만 생각나
밤이 오는 거리
어느새 많은 사람들
달라진 계절에 괜히 조금 울적한 밤
어느 샌가
취해져 가면
또 괜히 네 생각이 나는 지금 이 거리
공기는 쌀쌀해 날
떠나던 그 날의 네 목소리처럼
나 혼자야 나 버려졌던
그 날의 그 거리처럼
내가 짐처럼 느껴졌다던
마지막 얘기처럼
이 밤은 너무 잔인해
난 울었어 애기처럼
산소가 없는 듯한 거리위에
신경질적인 네온의 깜빡임이
오늘따라 괜히 성가셔
밤이 오는 거리
어느새 많은 사람들
달라진 계절에 괜히 조금 울적한 밤
어느 샌가
취해져 가면
또 괜히 네 생각이 나는 지금 이 거리"
1,써니힐,아무말도 하지마요,"이건 뭐니 말도 안돼
슬픈 이별 순간이 다가오고
앞은 보이질 않고 나는 눈물
흘리고 너는 사라져가고
이게 뭐니 말도 안돼 점점
이별순간이 다가오고
나의 손은 떨리고 입술은 말라오고
눈물은 흩어지네
아무 말도 하지 마요
내가 자릴 비켜줄게
여기 텅 빈 내 맘에 추억만 채워줄래
나의 손을 잡지 마요 내가 일어날게
우리 함께 했었던 지난 밤이
멀어지네
외로운 외로운 외로운 이 밤이
괴로운 괴로운 괴로운 이 맘이
그리운 그리운 그리운 이 밤이
미치게 외로운 밤 니가 난
오늘 더 그리워
깊어가는 밤 더 지쳐가나 봐 나
홀로 외로운 오 내 슬픈 맘
이별이 휩쓸고 간 이 자리에
남겨진 아픔에 웅크린 채
말라 가는데
날 구원해 줄 그댄 보이지 않아
날 잡아줘 저 멀리 떠내려가
넌 왜 조용히 난 방에 앉아
um 흔한 sad movie로 날 달래고
정신 없이 울어도 너는
선명해지고 눈물은 흩어지네
아무 말도 하지 마요
내가 자릴 비켜줄게
여기 텅 빈 내 맘에 추억만 채워줄래
나의 손을 잡지 마요 내가 일어날게
우리 함께 했었던 지난 밤이
멀어지네
오늘 하루가 다 지난다 해도
그대 생각에 너의 생각에
잠도 못 들겠죠
미칠 것 같던 이 순간 끝일 것
같던 이 순간
넌 아나요 아무 말이라도 해요
Hey you still live in my heart
Why didn't you tell me anything
아무 말도 하지 마요
내가 자릴 비켜줄게
그냥 인사하듯이 웃으며 떠나줄게
나의 손을 잡지 마요 내가 일어날게
우리 함께 했었던 지난 밤이
멀어지네
외로운 외로운 외로운 이 밤이
괴로운 괴로운 괴로운 이 맘이
그리운 그리운 그리운 이 밤이
향기가 그리운 밤 니가 난 오늘 더
그리워"
2,Various Artists,불놀이야,[가사 준비중]
3,Various Artists,내게 남은 사랑을 드릴께요,[가사 준비중]
4,2BIC(투빅),원해요,"사랑입니다 오직 그대 하나만
운명입니다 세상 끝날 때까지
영원한 사랑을 감히 약속합니다
시작도 그대와 삶의
마지막도 함께 할 겁니다
내 맘이 그댈 원합니다
항상 원합니다
눈물이 그댈 비켜갈 수 있도록
우리 사랑의 뒷면에
많은 눈물들이 숨어 기다릴지라도
안됩니다 그대 없인 하루도
내가 좀 더 노력을 할 겁니다
소중한 그대를 지켜 내기 위해서
불편한 세상에 그대
하나만은 편히 쉴 수 있게
내 맘이 그댈 원합니다
항상 원합니다
눈물이 그댈 비켜갈 수 있도록
우리 사랑의 뒷면에
많은 눈물들이 숨어 기다릴지라도
나로 인해 웃진 않아도
나로 인해 울지 않기를
나는 바래봅니다
겨울 안에 머물러 움츠리던
내 삶에 따뜻함을
알려준 그대만을 원해요
내 사랑입니다 내 운명입니다
눈물이 그댈 비켜갈 수 있도록
우리 사랑의 뒷면에 많은
눈물들이 숨어 기다릴지라도
I want to spend my life with you
세상이 끝날 때까지"
5,이홍기 (FT아일랜드),아직 하지 못한 말,"보고 싶어지면 안 되나요
그리우면 안 되나요
미안해요 사랑하니까
놓지를 못해요
널 보려 해도 보이지 않아
어디에 선가 자꾸 날 불러
내 가슴 한구석에 눈물 뒤에
숨어 있어
나만 찾을 수 없어
이렇게 손끝에 닿을 듯이
이렇게 눈 끝에 닿을 듯이
자꾸 떠올라 발길을 멈추고
한참을 지나서 그댈 눈물로
부르게 돼
보고 싶어지면 안 되나요
그리우면 안 되나요
참아봐도 안 되면 어떡해요
아직 하지 못한 말이 있죠
고마워서 못한 말
미안해서 아직 못한 말
사랑해 한마디
바람에 스치듯 널 보낼까
따듯한 미소로 널 보낼까
아무 일 없었던 것처럼 우리
몰랐었던 사람처럼 그렇게
보내줄까
보고 싶어지면 안 되나요
그리우면 안 되나요
참아봐도 안 되면 어떡해요
아직 하지 못한 말이 있죠
고마워서 못한 말
미안해서 아직 못한 말
사랑해 한마디
아프고 아파와도 바래고 또 바랬죠
그대 오는 그 날
보고 싶어지면 어떡하죠
안고 싶음 어떡하죠
참아 봐도 안 되면 어떡해요
아직 하지 못한 말이 있죠
가슴속에 남은 말
수백 번씩 삼키던 그 말
사랑하고 있어"
6,김연지,두 마음을 알지 못했으니,"눈을 뜨면
어느 바람에 찾아왔는지
널 꿈꾸고 있어
눈 감아도
어김없이 내 눈은 선명히 널
비추고 있어
내 마음을 알지 못했으니
너를 향한 그 떨림 아무렇지 않게
웃어넘겼지
네 마음을 알지 못했으니
떠나간다는 널 말없이 보내야 했어
왜 이제야 그 마음이 보이는지
꼭 잃어버린 후에야
그 무게를 깨닫게 되는지
손을 내밀어 휘저어 보아도
익숙한 그 내음 하나 없는 게
세상이 텅 빈듯해
네 마음을 알지 못했으니
부쩍 눈물짓던 널 다른 사랑 속에
있다 여겼지
두 마음을 알지 못했으니
늘 곁에 두고도
서롤 애달파 한 거야
왜 이제야 그 마음이 보이는지
꼭 잃어버린 후에야
그 무게를 깨닫게 되는지
고개를 들어 휘저어 보아도
익숙한 그 말투 하나 없는 게
세상이 멈춘 듯해
왜 그때는 그 마음을 몰랐는지
왜 삶에 붙어있을 땐
그 의미를 다 알 수 없는지
너로 인해서 빛나던 세상이
후회란 글자만 남기고 모두
잠이 들어버렸어
왜 이제야 그 마음이 보이는지
꼭 잃어버린 후에야
그 무게를 깨닫게 되는지
손을 내밀어 휘저어 보아도
익숙한 그 내음 하나 없는 게
세상이 텅 빈듯해"
7,정키,하소연 (Feat. 조소연),"하이힐을 신고 짧은 치마 입고
연하게 화장하고 긴 생머릴 날리면
뭐가 달라지나 현실은 같은데
오늘도 혼자인데 익숙해질 법한데
막연한 어둠이 오면 나 홀로
이불 덮고 외로움에 사무쳐
뜬눈으로 밤을 지새고 나면
하루가 시작되겠지 다시 또
오늘은 뭔가 다를거란 기대들이
이뤄질 순 없을까 내겐
하루종일 반복되는 실망들에
이젠 눈물도 안나
사랑이든 뭐든 남들 다 하는 거
나도 할 순 없을까 내겐
하루종일 반복되는 불만들에
하소연만 늘어가
누가 들어주나 저마다 바쁜 걸
어차피 같은 사람 같은 얘길 할텐데
막연한 어둠이 오면 나 홀로
이불 덮고 외로움에 사무쳐
뜬눈으로 밤을 지새고 나면
하루가 시작되겠지 다시 또
오늘은 뭔가 다를거란 기대들이
이뤄질 순 없을까 내겐
하루종일 반복되는 실망들에
이젠 눈물도 안나
사랑이든 뭐든 남들 다 하는 거
나도 할 순 없을까 내겐
하루종일 반복되는 불만들에
하소연만 늘어가
달라진 건 없고 현실은 같은데
오늘도 혼자인 난 하소연만 늘어가"
8,임세준,끝,"눈 오는 날 같이 걷는 것도
꽃 피면 놀러 가는 것도
같이 누워 속삭이는 것도
모두 다 끝이네 정말로
이젠 다 끝 이젠 다 끝 이젠 다 끝
모두 다 끝이네 정말로
영화 보며 손을 잡는 것도
뭘 먹을까 고민 하는 것도
우산 쓰고 같이 걷는 것도
모두 다 끝이네 정말로
이제 다 끝 이제다 끝 이제 다 끝
가슴이 이상해 실감이 안 나네
아프지만 oh no
정말 끝인 걸 모두 다 모두 다
이제 다 끝 이제 다 끝
가슴이 이상해 실감이
안 나네 끝인 게"
9,김연지,두 마음을 알지 못했으니,"눈을 뜨면
어느 바람에 찾아왔는지
널 꿈꾸고 있어
눈 감아도
어김없이 내 눈은 선명히 널
비추고 있어
내 마음을 알지 못했으니
너를 향한 그 떨림 아무렇지 않게
웃어넘겼지
네 마음을 알지 못했으니
떠나간다는 널 말없이 보내야 했어
왜 이제야 그 마음이 보이는지
꼭 잃어버린 후에야
그 무게를 깨닫게 되는지
손을 내밀어 휘저어 보아도
익숙한 그 내음 하나 없는 게
세상이 텅 빈듯해
네 마음을 알지 못했으니
부쩍 눈물짓던 널 다른 사랑 속에
있다 여겼지
두 마음을 알지 못했으니
늘 곁에 두고도
서롤 애달파 한 거야
왜 이제야 그 마음이 보이는지
꼭 잃어버린 후에야
그 무게를 깨닫게 되는지
고개를 들어 휘저어 보아도
익숙한 그 말투 하나 없는 게
세상이 멈춘 듯해
왜 그때는 그 마음을 몰랐는지
왜 삶에 붙어있을 땐
그 의미를 다 알 수 없는지
너로 인해서 빛나던 세상이
후회란 글자만 남기고 모두
잠이 들어버렸어
왜 이제야 그 마음이 보이는지
꼭 잃어버린 후에야
그 무게를 깨닫게 되는지
손을 내밀어 휘저어 보아도
익숙한 그 내음 하나 없는 게
세상이 텅 빈듯해"
10,오션 (5TION),More Than Words (2014 Ver.),"재촉하진 말아요
아무 말도 준비 못했죠
그대같은 사랑은 처음이라
표현이 좀 서툰거죠
나도 그대 못지 않게 조급한걸
그대 마저 놓쳐 버릴까 봐
하지만 서둘지 않을래요 그대라면
기다릴수 있죠
That's more than a word
feel my love
말론 모두 담을 수 없죠
사랑한다는 그 말로 대신하긴 싫어
there are so many feelings
inside of me
That's more than a word
feel my love
그저 맘으로 만져봐요
영원이라도 그대와 함께 있고픈 날
모두 쉽게 애기하죠
작은 떨림마저 사랑이라
하지만 이토록 소중한 느낌은
자주 오지는 않을텐데
감은 그대눈으로 부픈 내 가슴 위로
가만히 날 느껴봐요
그대 지금까지 들어왔던
그런 사랑과 난 다르단걸
That's more than a word
feel my love
말론 모두 담을 수 없죠
사랑한다는 그 말로 대신하긴 싫어
there are so many feelings
inside of me
That's more than a word
feel my love
그저 맘으로 만져봐요
영원이라도 그대와 함께 있고픈 날
들리나요 그 어느새 내안에
너무커져버린 이름
곁에 있기에 그대이기에 행복해
I'll love you baby
난 마치 세상을 처음본 아이같이
하나같이 낯설지만 신비로운
눈빛까지
나를 빠짐없이 담아내는 그대
자칫 사랑이란 쉬운말로
표현해야 하는지
그대와 나 진정 원하고 바랬던
지금까지 오래 기다렸던 진실한
사랑을
소중한 행복을 혀끝으로 전해지는
그 보다 더한 가치가 있는 것
들어봐 가슴에는 그대를 향한
설레임과
잠시도 쉬지않고 빛을보는
나의 눈과 부러운 눈으로
우리를 보는 세상
그속에 함께할 그대와 나
영원이라도 그대와 함께 있고픈 날
이대로 그대와 함께 있고픈 날"
11,김필,여기가 아파,"여기가 아파 자꾸 아파
아무 약도 듣지가 않아
정든 손 잡아보면
조금 나을 것도 같은데
왜 그랬어 왜 나한테
나 없인 죽고 못 산다던 니가
최소한 달래는 척
뭐 그런 것 좀 하고 가야지
여기가 아파
우리 끝나버린 사랑 사랑
땜에 흘리는 이 눈물 때문에
내 가슴이 멍이 들어
참 많이 아파
조금 건드리기만 해도 해도
무너져 버리는 가슴에
상처 보다 더 큰 상처뿐인
이런 내가 사랑해 널 사랑해
이 외침이 네게 들리면
단 한번 만이라도
단 한번 만이라도
따뜻하게 날 안아줘
너 땜에 흘리는 이 눈물 때문에
내 가슴이 멍이 들어
참 많이 아파
조금 건드리기만 해도 해도
무너져 버리는 가슴에
상처 보다 더 큰 상처뿐인
여기가 아파"
12,김보경 (NEON),그대 하나로,"그대 하나로 시간은 가고
힘들었던 날도 사랑으로 물들어
함께 한다고 늘 변함 없다고
내 맘 가득히 빛이 된 한 사람
사랑해 사랑해
꿈처럼 내 곁으로 찾아온 사람
두근대는 한 사람
그댄 기적 같은 사람
내게 하나뿐인 사람
내 맘 깊은 곳에 소중한 사람
별빛마저도 아득한 날에
포근한 그대 눈을 보며 말하던
사랑한다고 또 영원하자고
마치 꿈처럼 나 그대 품으로
따뜻한 햇살처럼
빛나던 저 별처럼
늘 변함없이 지켜 줄게요
사랑해 사랑해
꿈처럼 내 곁으로 찾아온 사람
두근대는 한 사람
그댄 기적 같은 사람
내게 하나뿐인 사람
내 맘 깊은 곳에 소중한 사람
습관처럼 매일 기도해 봐요
늘 바라볼게요 항상 곁에 있어요
사랑해 사랑해
꿈처럼 내 곁으로 찾아온 사람
두근대는 한 사람
그댄 기적 같은 사람
내겐 하나뿐인 사람
내 맘 깊은 곳에 소중한 사람
하나 뿐인 그대 사랑해"
13,SUPER JUNIOR-D&E,1+1=LOVE,"우리 잠깐 밖에서 만날래
따로 할 얘기가 생겼어
난 너에게
너랑 나의 사이는
누가 봐도 애매해
어서 너의 사랑을
내게 연결해 연결해
일 더하기 일은
둘이 하나로 푸는 사랑
일 더하기 일은
둘이 아닌 하나가 된 순간
망설이지 마 너의 맘
사리지마 Oh
널 원해 너는 어때
내게 알려줄래
Love Talk Love Talk
사랑 얘길 해볼까
Sweet Talk Sweet Talk
나 설레는 걸까
Let's Talk Let's Talk
이젠 둘이 아닌 하나였으면 해
Oh Love 내게 온다면
내 맘이 눈을 뜨고
세상이 밝아지고
Oh Love 그대 온다면 Hey
너 하나면 충분할 텐데
너를 만나기 전까지
나의 감정은 Zero
불씨 나가버린 나의 마음속에
다시 모닥불이 되죠
Oh 사랑이란 애매한 산수
쉬운 거 같으면서도
맞질 않는 단추
자 풀어볼까 우리의 함수
눈높이를 맞춰 다음엔 입맞춤
일 더하기 일은
둘이 하나로 푸는 사랑
함께 푸는 사랑
일 더하기 일은
둘이 아닌 하나가 된 순간
망설이지 마 너의 맘 사리지 마
Oh 널 원해
너는 어때 내게 알려줄래
Love Talk Love Talk
사랑 얘길 해볼까
사랑 얘길 해볼까
Sweet Talk Sweet Talk
나 설레는 걸까
나 설레는 걸까
Let's Talk Let's Talk
이젠 둘이 아닌 하나였으면 해
Oh Love 내게 온다면
내 맘이 눈을 뜨고
세상이 밝아지고
Oh Love 그대 온다면
Hey 너 하나면 충분할 텐데
Oh Love Love Love Love
Love Love Love Love
Oh Love Love Love Love
Love Love Love Love
Oh Love Love Love Love
Love Love Love Love
Oh Love Love Love Love
Love Love Love Love
Oh Love 내게 온다면
내 맘이 눈을 뜨고
세상이 밝아지고
Oh Love 그대 온다면
Hey 너 하나면 충분할 텐데
Oh Love Love Love Love
Love Love Love Love
Oh Love Love Love Love
Love Love Love Love"
14,이진아,회상,"길을 걸었지
누군가 옆에 있다고
느꼈을 때 나는 알아버렸네
이미 그대 떠난 후라는 걸
나는 혼자 걷고 있던 거지
갑자기 바람이 차가와 지네
마음은 얼고 나는 그곳에 서서
조금도 움직일 수 없었지
마치 얼어버린 사람처럼
나는 놀라서 있던 거지
달빛이 숨어 흐느끼고 있네
우 떠나버린 그 사람
우 생각 나네
우 돌아선 그 사람
우 생각 나네
아 떠나버린 그 사람
아 생각 나네
아 돌아선 그 사람
아 생각 나네
묻지 않았지
왜 나를 떠나느냐고
하지만 마음 너무 아팠네
이미 그대 돌아서 있는 걸
혼자 어쩔 수 없었지
미운 건 오히려 나였어
미운 건 오히려 나였어"
15,김보경 (NEON),With You,"여전히 계절이 지나도
모두 그대로인것 같아
나도 모르게 걷던 길에
차가운 바람이 불어와
기억하지 별을 세며
빌었던 수많던 바램들과
언제나 함께 할거라고
With You Sweet You
늘 언제나 같은곳에 있어
With You Sweet You
항상 곁에 지금 모습 그대로
With You
생각해 보면 다투던 날도
외롭게 지낸 밤도 있어
퍼즐처럼 조각진 기억들이
그리움으로 소북히 쌓여
기억하니 유치했던
드라마 대사같던 얘기들
내 삶에 있어 최고의 선물
With You Sweet You
늘 언제나 같은곳에 있어
With You Sweet You
항상 곁에 지금 모습 그대로
먹구름이 오고
폭우가 쏟아져 와도
무엇도 변하지
않을걸 알잖아
With You
With You Sweet You
늘 언제나 같은곳에 있어
With You Sweet You
항상 곁에 지금 모습 그대로
With You
With You
With You"
16,SHINee (샤이니),재연 (An Encore),"물감이 번져 가는 듯
하루씩 또렷해져
거꾸로 시간이 흐른 듯
오히려 선명해져
기억의 강을 건너면
잊을 수 있을 거란
헛된 믿음도 헛된 희망도
이젠 버렸어
침묵의 메아리 그 속에 잠긴
메마른 두 입술 그 안에 담긴
길었던 이야기만큼
허무했던 우리의 안녕
익숙함이 준 당연함 속에
우리 사랑은 야윈 달처럼 희미해져
진심이 아닌 모진 독설로
그리 서로를 아프게 했던 시절
자욱이 쌓인 무관심 속에
우리 사랑은 시든 꽃처럼 초라해져
얼마나 소중한 줄 모르고
쓸쓸히 바래진 너와 나의 계절
세월은 무섭게 흘러
모두 변해가지만
변하지 않는 단 한 가지만
분명해져 가
어설픈 방랑과 낯설은 여정
오랜 표류 끝에 그 길의 끝에
마지막 숨을 내쉬는 내 결론은
오직 한 사람
익숙함이 준 당연함 속에
우리 사랑은 야윈 달처럼 희미해져
진심이 아닌 모진 독설로
그리 서로를 아프게 했던 시절
자욱이 쌓인 무관심 속에
우리 사랑은 시든 꽃처럼 초라해져
얼마나 소중한 줄 모르고
쓸쓸히 바래진 너와 나의 계절
그래 아직도 난 꿈을 꿔
짙은 어둠이 걷힌 후엔
아침 햇살 위로
빛나던 그날의 너와 나
재연될 거야
되물어 봐도 늘 같은 해답
길을 잃어버린 듯
여전히 널 찾아 헤매
태어난 순간
혹 세상이 시작된 날부터
정해진 운명처럼
되돌려보자 다 제자리로
우리 더는 정답 아닌 길로 가지 말자
다시 막이 오르는 무대처럼
눈물 났던 영화의 속편처럼
결국 이뤄지는 두 주인공처럼"
17,임창정,스무살 어린 시절,"난 스무 살이 다 컸다 생각 했었어
난 그게 단 줄
이 세상 일등이 될 거라며
알았어
온 세상 돈은 이 몸이 벌거라고
술독에 빠졌었던 그 때
너와 나 세상을 구할 거란
그 멋진 허풍을 다 받아준
그때 그 친구 약속은 기억할까
곧바로는 훌륭할 줄 알았어
열아홉 꽃들이 첨 필 무렵
난 어른이라 부자라 외쳤었지
난 스무 살이 다 컸다 생각 했었어
다 컸다 생각했었어
이 세상 일등이 될 거라며
또 있고 있을 또 다른 젊은 날이
영원할 줄 알았지 그땐
군인은 언제나 아저씨인줄
그들의 아저씨가 되고도
oh no oh no
왜 난 세상이 더 어려워
난 스무 살이 다 컸다 생각 했었어
다 컸다 생각했었어
이 세상 일등이 될 거라며
온 세상 돈은 이 몸이 벌거라고
술독에 빠졌었던 그 때
내 밑으로 잘 들어 형이 뭐
시간이 뭐 많아서 니들한테 이러는 뭐
충고 해주는 게 아녀
니들 아주 젊음이 마냥
그냥 영원할 것 같지
살짝 눈 돌렸다가 뜨면은
서른 되고 마흔 돼
이것들아 정신 바짝 차려야 돼
요즘은 유난히 둔해진 내 몸과
센스에 허탈해 지지만
아니 다 이기고 지금을 누리는
내 인생이 자랑스러워
난 스무 살이 다 컸다 생각 했었어
다 컸다 생각했었어
또 있고 있을 또 다른 젊은 날이
영원할 줄 알았지
난 스무 살이 다 컸다 생각 했었어
다 컸다 생각했었어
이 세상 일등이 될 거라며
온 세상 돈은 이 몸이 벌거라고
술독에 빠졌었던 그 때
라 라랄랄라 랄라라 라랄랄라라
라 라랄랄라 랄라라 라랄랄라라
잘들 알아 들었으면은
거 일들 봐덜 바쁠텐데"
18,"박진영, 버나드 박, JAMIE (제이미)",부산에 가면 (Sing The Road #03),"부산에 가면 다시
너를 볼 수 있을까
고운 머릿결을 흩날리며
나를 반겼던
그 부산역 앞은
참 많이도 변했구나
어디로 가야 하나
너도 이제는 없는데
무작정 올라간 달맞이 고개엔
오래된 바다만 오래된 우리만
시간이 멈춰 버린 듯 이대로
손을 꼭 잡고 그때처럼 걸어보자
아무 생각 없이 찾아간 광안리
그 때 그 미소가 그 때 그 향기가
빛 바랜 바다에 비쳐 너와 내가
파도에 부서져 깨진
조각들을 맞춰 본다
부산에 가면"
19,변진섭,우리의 사랑이 필요한거죠,"그대 어깨 위에 놓인 짐이
너무 힘에 겨워서
길을 걷다 멈춰진 그 길가에서
마냥 울고 싶어질 때
아주 작고 약한 힘이지만
나의 손을 잡아요
따뜻함을 느끼게 할 수 있도록
어루만져 줄게요
우리가 저마다 힘에 겨운
인생의 무게로 넘어질 때
그 순간이 바로 우리들의
사랑이 필요한거죠
때론 내가 혼자뿐이라고
느낀적이 있었죠
생각하면 그 어느 순간에서도
하늘만은 같이 있죠
아주 작고 약한 힘이라도
내겐 큰 힘 되지요
내가 울 때 그대 따뜻한 위로가
필요했던 것처럼
우리가 저마다 힘에 겨운
인생의 무게로 넘어질 때
그 순간이 바로 우리들의
사랑이 필요한거죠
앞서가는 사람들과
뒤에서 오는 사람들
모두 다 우리들의
사랑이 필요한거죠
우리가 저마다 힘에 겨운
인생의 무게로 넘어질 때
그 순간이 바로 우리들의
사랑이 필요한거죠
우리가 저마다 힘에 겨운
인생의 무게로 넘어질 때
그 순간이 바로 우리들의
사랑이 필요한거죠
사랑이 필요한거죠"
20,정미조,개여울 (Feat. 손성제),"당신은 무슨 일로 그리합니까
홀로 이 개여울에 주저앉아서
파릇한 풀포기가 돋아 나오고
잔물이 봄바람에 헤적일 때에
가도 아주 가지는 않노라시던
그런 약속이 있었겠지요
날마다 개여울에 나와 앉아서
하염없이 무엇을 생각합니다
가도 아주 가지는 않노라심은
굳이 잊지 말라는 부탁인지요
가도 아주 가지는 않노라시던
그런 약속이 있었겠지요
날마다 개여울에 나와 앉아서
하염없이 무엇을 생각합니다
가도 아주 가지는 않노라심은
굳이 잊지 말라는 부탁인지요"
21,다비치,이 사랑 (Inst.),"시간을 되돌리면
기억도 지워질까
해볼 수도 없는 말들을
내뱉는 걸 알아
널 힘들게 했고
눈물로 살게 했던
미안한 마음에 그런 거야
하지만 난 말야
너의 밖에선 살 수 없어
내겐 너 하나로
물든 시간만이 흘러갈 뿐이야
사랑해요 고마워요
따뜻하게 나를 안아줘
이 사랑 때매 나는 살 수 있어
사랑은 그런가봐
무슨 말을 해봐도
채워지지 않은 것 같은
마음이 드나봐
내 욕심이라고
다시 생각을 해봐도
그 마음 쉽게 사라지지 않아
알잖아 난 말야
너의 밖에선 살 수 없어
내겐 너 하나로
물든 시간만이 흘러갈 뿐이야
사랑해요 고마워요
따뜻하게 나를 안아줘
이 사랑 때매 나는 살 수 있어
돌아가도 다시 견딜 수 있을까
너무 힘들던 시간들
흔들리지 않은 너를 볼 때면
떨리는 내 입술이
두루루 두루루
알잖아 난 말야
너의 밖에선 살 수 없어
내겐 너 하나로
물든 시간만이 흘러갈 뿐이야
사랑해요 고마워요
따뜻하게 나를 안아줘
이 사랑 때매 나는 살 수 있어
사랑 때매 나는 살 수 있어"
22,윤하 (YOUNHA),I Believe,"내 머릿속을 어지럽히고
내 마음속을 흔들어놓고
왜 자꾸 넌 다른 곳만 바라보니
눈앞에 너를 보고 있는데
그토록 원한 네가 있는데
왜 자꾸 넌 아득하기만 한 거니
네 미소 하나에 맘을 놓고
네 눈물 하나에 맘을 다쳐
네가 사는 내 마음은 늘 그래
서툰 미소 뒤 한숨들만큼
몰래 버린 내 눈물들만큼
내 맘 곁으로 와줄 수 없니
My one and only you
더딘 내 맘 언젠가
네가 볼 수 있다면
꿈결처럼 기적처럼
너를 꿈꾸던 그 시간에
있어주기를
I believe
알고 있니 두 눈이 널 훔쳐
내 모든 걸 채워버렸을 때
세상은 모두 달라져 있었단 걸
멈출 수 없는 나의 가슴이
시키는 대로 걸어왔을 땐
이미 넌 내게 전부가 됐어
네 미소 하나에 맘을 놓고
네 눈물 하나에 맘을 다쳐
네가 사는 내 마음은 늘 그래
서툰 미소 뒤 한숨들만큼
몰래 버린 내 눈물들만큼
내 맘 곁으로 와줄 수 없니
My one and only you
더딘 내 맘 언젠가
네가 볼 수 있다면
꿈결처럼 기적처럼
너를 꿈꾸던 그 시간에
있어주기를
My one and only you
남겨둔 너와의 추억
그 문을 닫진 마
결국 우리 끝내 우리
서로의 간절한 하나의
소원이 되길
I believe"
23,L.U.B (다이아),13월 32일,"무슨 말이에요
왜 그렇게 날 봐요
이대로 끝이면 안돼
돌아서지 마요
더 멀어지지 마요
저 멀리 희미해져
이젠 안녕
어슬렁거리는
이별 그림자 slow
우리 같이 함께
만든 추억거리로
이별은 예고없이
찾아오는 소나기나
다름없네 오늘이 지나면
네 생각에 Everyday
Everynight everytime
매일 밤 달콤한 전화로
속삭여준 너
말로 표현할 수 없던
우리의 사랑도
내 품에 남아있는
너의 향기와
흔적까지 추억으로
다정했던 이 남자
차갑게 식은 말투
평소와 달라 보여
딴 사람 같아
얼음같은 이 남자
이별을 말할 것 같애
oh no
그러지 마요
무슨 말이에요
왜 그렇게 날 봐요
이대로 끝이면 안돼
돌아서지 마요
더 멀어지지 마요
저 멀리 희미해져
이젠 안녕
이기적인 너야
우리의 엇갈린 마음
우리가 걸었었던
그 길의 이음
줄이 있다면
그토록 힘들었다면
그토록 그랬었다면
그냥 가버려
go way no way
넌 왜 그 고개를
떨구고 있는 거야
무슨 말 이라도 좀 해
차가운 말로
내 심장을 얼려줘
아무 감정 없었던
그때로 돌려줘
다정했던 이 남자
차갑게 식은 말투
평소와 달라 보여
딴 사람 같아
얼음같은 이 남자
이별을 말할 것 같애
oh no
그러지 마요
무슨 말이에요
왜 그렇게 날 봐요
이대로 끝이면 안돼
돌아서지 마요
더 멀어지지 마요
저 멀리 희미해져
이젠 안녕
어슬렁거리는
이별 그림자 slow
우리 같이 함께
만든 추억거리로
이별은 예고없이
찾아오는 소나기나
다름없네 오늘이
지나면 추억거리로
네가 했던 모든 말들
우리 함께 했던 시간
더 이상은 믿지않아
이젠 지워
무슨 말이에요
왜 그렇게 날 봐요
이대로 끝이면 안돼
돌아서지 마요
더 멀어지지 마요
저 멀리 희미해져
이젠 안녕"
24,슈가볼 (Sugarbowl),우리가 우리였을 때 (Prod. by 안녕하신가영),"아무 말도 하지마
그냥 하는 말이야
다 지나간 우리 얘기야
아무리 없었던 일이라고
다짐해봐도
넌 여전히 내 안에 있어
아무 말도 하지마
혼자 하는 말이야
널 보낸 후의 버릇이야
아무리 애타게
너를 다시 또 불러봐도
너는 없어
우리가 정말로 우리였을 때
가끔은 혼자가 좋았어
그러다가 내가 잠시 너의 손을
놓쳐 버리고 말았어
우리가 그렇게 헤어진 뒤에
오히려 넌 좋아 보였어
참 다행이야 너 그래 보여서
이유는 항상 솔직하지 못했고
이별은 나를 더 변명하게 하고
이름은 더 이상 부를 수가 없고
내 이름은 잊혀져 가고
우리가 정말로 우리였을 때
가끔은 혼자가 좋았어
그러다가 내가 잠시 너의 손을
놓쳐 버리고 말았어
우리가 그렇게 헤어진 뒤에
오히려 넌 좋아 보였어
참 다행이야 너 그래 보여서
참 다행이야 너
우리가 정말로 우리였을 때
우리가 정말로 우리였을 때
우리가 정말로 우리였을 때
우리가 정말로 우리였을 때"
25,선우정아,모른 척,"아무 말도 하지마 다 알고 있으니까
세상이 날 어떻게 말하고 있을지
미련하고 세상 무서운 줄 모른다고
바보라 부른대 그래
나도 그게 궁금해 요즘 따라
모른 척 웃고 있지만
아무 일 없는 척 살고 있지만
내 마음에 쌓인 시간들은
왜 아직까지
기다리는 걸까 어쩌라는 걸까
이제와서
한심하긴 현실은 동화가 아니라고
꿈 깨라 하는데 그래
그 꿈은 왜 깨어지질 않을까
아닌 척 앞을 보지만
하라는 대로 다 하고 있지만
내 시간에 쌓인 눈물들은
왜 아직까지
마르지 않을까 어쩌라는 걸까
닦아도 또
끝나지 않는 그 날
빛 바래 초라한 내 도전도
끝나지 않을 그 날
빛 바랜 초라한 내 도전도
아무 말도 하지마
다 알고 있으니까"
26,샤넌,애인있어요 (오늘의 여우주연상 사막여우),"아직도 넌 혼잔
거니 물어보네요
난 그저 웃어요 사랑하고 있죠
사랑하는 사람 있어요
그대는 내가 안쓰러운 건 가봐
좋은 사람 있다며
한번 만나보라 말하죠
그댄 모르죠 내게도 멋진
애인이 있다는 걸
너무 소중해 꼭 숨겨두었죠
그 사람 나만 볼 수 있어요
내 눈에만 보여요
내 입술에 영원히 담아둘 거야
가끔씩 차오르는
눈물만 알고 있죠
그 사람 그대라는걸
나는 그 사람
갖고 싶지 않아요
욕심 내지 않아요
그냥 사랑하고 싶어요
그댄 모르죠 내게도 멋진
애인이 있다는 걸
너무 소중해 꼭 숨겨두었죠
그 사람 나만 볼 수 있어요
내 눈에만 보여요
내 입술에 영원히 담아둘 거야
가끔씩 차오르는 눈물만 알고 있죠
그 사람 그대라는걸
알겠죠 나 혼자 아닌걸요
안쓰러워 말아요
언젠가는 그 사람 소개할게요
이렇게 차오르는
눈물이 말하나요
그 사람 그대라는걸
그 사람 그대라는걸"
27,허각,그댈 만난 이후로,"조용히 눈 감아봐요 더 고요히
그대가 보여 더 행복한걸요
살며시 눈을 떠봐요 세상이 참 밝죠
그대 함께여서 빛나요
반짝이는 바닷길 모래알
밤하늘에 비추니 별이 되죠
하늘을 안은 별들
그 중에 지지 않는 별 하나
늘 같은 그 자리
시려 오는 햇살이 나를 안아주고
스치는 바람결도 소중한걸요
낯설던 저 하늘이 눈이 부시는 건
그대 그대를 만나 알았죠
살며시 손 내밀어요 더 가까이
그대에 닿아 더 따뜻해져요
한걸음 다가와 봐요 그대 멀지 않죠
우리 함께여서 빛나요
길가에 수놓아진 꽃처럼
향기로운 그대가 소중해서
별빛이 내려오는 밤하늘
그대 모습 그리죠
늘 같은 그 자리
시려 오는 햇살이 나를 안아주고
스치는 바람결도 소중한 걸요
낯설던 저 하늘이 눈이 부시는 건
그대 그대를 만나 알았죠
하늘 품고 있는 저 별처럼
내가 그댈 지켜줄게요
언제까지라도
All for you
눈에 보이지 않는 머나먼 길였죠
두려움에 멈춰 서곤 했던 나를 우 예
낯설던 저 하늘도 눈이 부시게 해
그대 그대를 만난 이후로
그대 그대를 만나 알았죠"
28,"선우정아, 조우종","내 마음에 비친 내 모습 (입술위에 츄~ 내노래에 츄~ 레드마우스, 내맘이 열리게 클릭해줘 광마우스)","붙들 수 없는 꿈의 조각들은
하나 둘 사라져 가고
쳇바퀴 돌 듯 끝이 없는 방황에
오늘도 매달려가네
거짓인 줄 알면서도 겉으론 감추며
한숨 섞인 말 한마디에
나만의 진실 담겨 있는 듯
이제와 뒤늦게 무엇을 더 보태려 하나
귀 기울여 듣지 않고
달리 보면 그만인 것을
못 그린 내 빈 곳 무엇으로 채워지려나
차라리 내 마음에
비친 내 모습 그려 가리
엇갈림 속에 긴 잠에서 깨면
주위엔 아무도 없고
묻지는 않아도 나는 알고 있는 곳
그 곳에 가려고 하네
근심 쌓인 순간들을 힘겹게 보내며
지워버린 그 기억들을
생각해내곤 또 잊어버리고
못 그린 내 빈 곳 무엇으로 채워지려나
차라리 내 마음에
비친 내 모습 그려 가리
이제와 뒤늦게 무엇을 더 보태려 하나
귀 기울여 듣지 않고
달리 보면 그만인 것을
못 그린 내 빈 곳 무엇으로 채워지려나
차라리 내 마음에
비친 내 모습 그려 가리
내 모습 그려 가리"
29,러브 포엠,따뜻해,"사랑이 이런 걸까
내 마음 이렇게 가득히 꽉 채워지고
참 시린 바람에도 함께 있으면
난 너무 따뜻해
코 끝이 빨개진 것을 서로 놀리면서
웃음 짓곤 해
사랑이 이런 걸까
네 생각에 행복해 괜히 한번 웃어보고
사랑이 이렇게도 날 변하게 해
이런 적 없는데 내 가슴이 너무 따뜻해
두 볼이 빨개진 것은 바람 때문일까
예쁜 너 때문일까
사랑이 이런 걸까
네 생각에 행복해 괜히 한번 웃어보고
사랑이 이렇게도 날 변하게 해
이런 적 없는데 내 가슴이 너무 따뜻해
아무 말도 필요 없이
이렇게 바라만 봐도 눈물 나서
이런 게 사랑인 걸까
내 모든 순간 항상
너와 꼭 함께 하고 싶다
사랑이 이런 걸까
네 생각에 벅차서 너만 항상 바라보고
사랑이 이렇게도 날 설레게 해
이런 적 없는데 내 가슴이 너무 따뜻해"
30,아이비,난 (걸어서 세계속으로 집시여인),"잘 지내고 있겠죠
내 걱정은 물론 하지 않겠죠
난 아직 버릇처럼 그댈 걱정해요
떠나던 그 뒷모습
먼지같은 점이 될 때까지도
발걸음조차 뗄 수 없던 그 날 이후
세상 끝난 듯 울던 난
웃음도 나왔던 난
넋이 나간 사람처럼
낮과 밤도 잃어버린 채 살았지만
다시 생각했죠
그대가 살아있단 게 고맙다고
아직은 절망도 이를 거라고
변한 건 없을 거예요
다만 그대 없는 사랑도
난 지켜가죠
세상 끝난 듯 울던 난
웃음도 나왔던 난
넋이 나간 사람처럼
낮과 밤도 잃어버린 채 살았지만
다시 생각했죠
어쩌면 그대도 많이 낯설어서
조금씩 내게로 돌아온다고
그렇게 생각 할래요
다만 그대 없는 사랑도
홀로 지켜가는 거죠 이렇게
시작도 시작도 그랬죠 그랬죠
익숙한 걸요
아픈 것도 내 몫이죠 다만
여전히 그대만을
사랑해요
난"
31,11시11분,가끔,"가끔 네가 보고 싶다
가끔 네가 안고 싶다
가끔 네가 날 그리워하기를
가끔 난 이런 생각해
가끔 내 기억 멈춘다면
그때 거기까지만 있어 달라곤 해
기나긴 새벽을 온통 너로
짧아진 추억을 다시 그려
가끔 네가 보고 싶다
가끔 네가 안고 싶다
가끔 난 너를 그리워하더라
가끔 난 이런 생각해 다시 한 번 더
내가 누굴 사랑할 수 있는
꿈같은 시간이 온다면 바로 너야
가끔 네가 보고 싶다
가끔 네가 안고 싶다
가끔 네가 날 그리워하기를
가끔 너와 나 걸었던
항상 우리가 멈춰 섰던
너의 집 앞 그 골목길이 난 그립더라
기나긴 하루가 온통 너란
짧아진 추억에 바래져
가끔 네가 참 보고 싶다
가끔 너를 꼭 안고 싶다
가끔 난 너를 혼자 그려본다
가끔 난 말도 안 되는데
다시 한 번 더
내가 누굴 사랑할 수 있는
꿈같은 시간이 온다면 바로 너야
널 떠올리며 혼자 그리는 내 낙서는
함께 그렸던 그림이
될 수 없다는 걸 난 이제 알아
사실은 난 말야
항상 네가 그리워
가끔 이라고 말 안 한다면
네가 날 더 지울까 봐
그냥 이젠 말할게
아직도 모든 게
내겐 선명해 미칠 것 같아
그래서 가끔이란 말로 그리워해
항상 네가 보고 싶다
항상 네가 안고 싶다
항상 난 너를 그리워하더라"
32,조소정,별,"그리던 꿈처럼 내 맘속에
갑자기 찾아온 그대
멀리서 바라만 봤었던
하늘의 조각이었는데
내 손안에 별빛을 쥔다는
느낌이 이런 걸까
하루 종일 네 생각에 젖어있네
이젠 저 깊은 바다를 함께
걸을 수 있는 거죠
한 걸음씩 한 걸음씩 함께
그대라는 별을 만나서
더 많은 것을 비출 테죠
하나 둘씩 하나 둘씩
어두운 것은 떠나가네
하나 둘씩 한 걸음씩 함께
이젠 저 깊은 바다를 함께
걸을 수 있는 거죠
한 걸음씩 한 걸음씩 함께
그대라는 별을 만나서
더 많은 것을 비출 테죠
하나 둘씩 하나 둘씩
어두운 것은 떠나가네
한 걸음씩 하나 둘씩 함께"
33,Various Artists,회상 (시그널 OST),[가사 준비중]
34,경다솜,미치게해,"밤 하늘에 피어난 별처럼
반짝이는 네 눈에 숨이 멎어 와
처음이란 단어로는 설명할 수 없어
이 마음을 네게 전하려고 해
너와 나라는 사이를 넘어가서
셀 수 없이 좋다 말해
뭐라 말을 할지
생각하기 전에 너에게로
미치게 해 설레게 해
너와 같이 있으면 너를 보고 있으면
미치게 해 설레게 해
말론 설명이 안돼 지금 내 맘이
손잡을까 아니 입 맞출까
머릿속에 온통 네 생각 뿐야 나
하얀 네 미소에 나 한번 설레고
내 마음을 받고 환히 웃는 너
너와 나라는 사이를 넘어가서
셀 수 없이 좋다 말해
뭐라 말을 해도
내 맘 다 알아줘 너 말이야
미치게 해 설레게 해
너와 같이 있으면 너를 보고 있으면
미치게 해 설레게 해
말론 설명이 안돼 지금 내 맘이
나에게 넌
너에게 난
이렇게 나 빠져들어가
미치게 해 설레게 해
너와 같이 있으면 너를 보고 있으면
미치게 해 설레게 해
말론 설명이 안돼 지금 내 맘이"
35,곽진언,내 마음에 비친 내 모습 (Piano Ver.),"붙들 수 없는 꿈의 조각들은
하나 둘 사라져 가고
쳇바퀴 돌 듯
끝이 없는 방황에
오늘도 매달려 가네
거짓인줄 알면서도
겉으론 감추며
한숨 섞인 말 한 마디에
나만의 진실 담겨 있는 듯
이제와 뒤늦게
무엇을 더 보태려 하나
귀 기울여 듣지 않고
달리 보면 그만인 것을
못 그린 내 빈 곳
무엇으로 채워 지려나
차라리 내 마음에 비친
내 모습 그려가리
엇갈림 속의 긴 잠에서 깨면
주위엔 아무도 없고
묻진 않아도
나는 알고 있는 곳
그 곳에 가려고 하네
근심 쌓인 순간들을
힘겹게 보내며
지워버린 그 기억들을
생각해내곤 또 잊어버리고
이제와 뒤늦게
무엇을 더 보태려 하나
귀 기울여 듣지 않고
달리 보면 그만인 것을
못 그린 내 빈 곳
무엇으로 채워지려나
차라리 내 마음에 비친
내 모습 그려가리
이제와 뒤늦게
무엇을 더 보태려 하나
귀 기울여 듣지 않고
달리 보면 그만인 것을
못 그린 내 빈 곳
무엇으로 채워지려나
차라리 내 마음에 비친
내 모습 그려가리"
36,와이팝 (YPOP),날 기억해줘요 (Feat. 안혜은),"그대 떠나가나요 우리 헤어지나요
내 사랑 아직 많이 남아있는데
너만 사랑했다고 너무 행복했다고
내 사랑 이젠 추억이라고 불러
믿고 싶지 않은데
그댄 이미 멀어져 가
어느새 작아진 그대
더 희미하게 흐려져 가
그대여 나를 떠나갔어도
그대 나를 잊진 말아요
그대 나를 사랑한 만큼
나를 기억해줘요
그대여 지난 추억이어도
그대 천천히 잊어줘요
그대 나를 사랑한 만큼
나를 간직해줘요
끝내 하지 못한 말
그댈 사랑한단 말
너무 늦어서 전할 수도 없는데
돌이킬 수 없는데
나는 아직 이 자리에
어느새 떠나간 그댄
시작하나요 다른 사랑
그대여 나를 떠나갔어도
그대 나를 잊진 말아요
그대 나를 사랑한 만큼
나를 기억해줘요
그대여 지난 추억이어도
그대 천천히 잊어줘요
그대 나를 사랑한 만큼
나를 간직해줘요
원한 적 없던 이별에 아파하는 건
나 혼자뿐이지만
그대여 나를 떠나갔더라도
가끔은 날 기억해줘요
그대여 지난 추억이어도
그대 천천히 잊어줘요
그대 나를 사랑한 만큼
나를 간직해줘요"
37,최도영(CANDO),언제 헤어져도 이상하지 않아,"언제 헤어져도 이상하지 않아요
우린 그렇게 멀어져 있네요
할 얘긴 없어도 하루 수십 번 하던
전화도 하고 싶지 않아요
할 얘기가 있어도
손을 잡아도 따뜻하지 않아요
우린 어느새 익숙해 있네요
우리 이쯤에서 서로 남이 되는 것도
오늘부터 추억으로
한걸음씩 걸어가기로 해요
널 처음 만난 그날처럼
사랑할 순 없어
거짓된 눈빛으로 널 바라볼 순 없어
예전처럼 웃으면서 행복할 순 없어
미안해 너에게 오늘 이 말을 하려 해
바쁜 하루에도 널 만났어 예전에
우린 쉬는 날도 연락을 하지 않아
그리워하지 않아도
미워하지 않기 위해
오늘부터 추억들을
하나 둘씩 지워가기로 해
널 처음 만난 그날처럼
사랑할 순 없어
거짓된 눈빛으로 널 바라볼 순 없어
예전처럼 웃으면서 행복할 순 없어
미안해 너에게 오늘 이 말을 하려 해"
38,이든 (EDEN),궁금해,"눈을 뜨면 자연스레
네 얼굴이 떠올라
잠들기 전 보낸 문자를
몇 번이고 다시 RePlay
왜 그럴까
내 마음이
자꾸 너에게 가
알 듯 말 듯한 우리
닿을 듯 말 듯해 우리
왠지 뭘 알고 싶은 듯해
자꾸 눈이 마주친 너와 나
everyday everyday
무슨 생각을 하는지
넌 내게 어떤 마음인지
괜히 또 보게 돼 너와 나
everyday everyday
난 그게 정말 궁금해
관심 없는 듯이 인사를 건네고
괜히 한 번 더 뒤돌아보게 돼
네 앞에만 서면
무슨 표정을 지어야 할지
어색해
왜 그럴까
내 마음이
자꾸 너에게 가
알 듯 말 듯한 우리
닿을 듯 말 듯해 우리
왠지 뭘 알고 싶은 듯해
자꾸 눈이 마주친 너와 나
everyday everyday
무슨 생각을 하는지
넌 내게 어떤 마음인지
괜히 또 보게 돼 너와 너
everyday everyday
난 그게 정말 궁금해"
39,에피톤 프로젝트,마음을 널다,"어제 널어놓은 셔츠가
그 후로 내내 마르지 않아
조금은 젖은 채로 입을까
아니면 햇볕 좋을 때
조금 더 말릴까
같이 널어놓은 마음도
그 후로 내내 마르지 않아
조금은 젖은 채로 사는 게
아무 일 없던 것처럼
그게 좋은 걸까
나 참 노력했는데
부단히 했는데
말처럼 잘 안 돼
어쩌면 그렇게 잊니
마음이 그렇게 쉽니
하루아침에 이 모든 것들이 다
지워져 버린 것처럼
나 참 노력했는데
부단히 했는데
말처럼 잘 안 돼
어쩌면 그렇게 잊니
마음이 그렇게 쉽니
하루아침에 이 모든 것들이 다
지워져 버린 것처럼 너는
같이 널어놓은 마음도
그 후로 내내 마르지 않아
조금은 젖은 채로 사는 게
아무 일 없던 것처럼
그게 좋은 걸까
나 참 노력했는데
부단히 했는데
말처럼 잘 안 돼
어쩌면 그렇게 잊니
마음이 그렇게 쉽니
하루아침에 이 모든 것들이 다
지워져 버린 것처럼
나 참 노력했는데
부단히 했는데
말처럼 잘 안 돼
어쩌면 그렇게 잊니
마음이 그렇게 쉽니
하루아침에 이 모든 것들이 다
지워져 버린 것처럼 너는
나 참 노력했는데
부단히 했는데
말처럼 잘 안 돼
어쩌면 그렇게 잊니
마음이 그렇게 쉽니
하루아침에 이 모든 것들이 다
지워져 버린 것처럼
나 참 노력했는데
부단히 했는데
말처럼 잘 안 돼
어쩌면 그렇게 잊니
마음이 그렇게 쉽니
하루아침에 이 모든 것들이 다
지워져 버린 것처럼 너는"
40,유해준,비울 수 없는 사랑 (New Ver.),"사랑에 시작은 어디 그 끝은 어디에
가슴이 널 놓지 않나 봐
스치는 바람에도 내 몸이 아파와
잡힐 듯 보이니까
하루하루 내가 살아가는 이유
소중한 널 항상 지켜주고 싶어
슬프도록 아름다운 날에
사랑해 널 사랑해서 내가 원하는 길
내게 허락된 그 날까지
사랑해 영원히 Baby
힘든 세상에 가슴이 아파도
모진 시련에 지쳐 쓰러진대도
영원히 함께할 나의 사랑아
내 처음 사랑 그대로 나의 가슴에 묻고
오랜 시간 기다려왔어
내 모든 것을 비워도 비울 수 없는 너
나의 전부이니까
아껴둔 내 사랑 아파하지 않게
거친 세상 미련 없이 가보려 해
유일한 내 사랑 하나 위해
사랑해 널 사랑해서 내가 원하는 길
내게 허락된 그 날까지
사랑해 영원히 Baby
힘든 세상에 가슴이 아파도
모진 시련에 지쳐 쓰러진대도
영원히 함께할 나의 사랑아
나의 사랑 어디서든 늘
행복하기를 바래
오직 너 하나만 바라보는
내가 있다는 걸 기억해
언제나 늘 내 가슴이 너를 원하는 걸
내게 허락된 그 날까지
사랑해 영원히 Baby
힘든 세상에 가슴이 아파도
모진 시련에 지쳐 쓰러진대도
영원히 함께할 나의 사랑아
오직 영원히 함께할 나의 사랑아"
41,플라워,쉼표,"한참을 그렇게 앉아만 있었지
짐을 싸다 다시 찾은 니 편지를 보고
그 속엔 나를 사랑하던
너의 미소가 아련하게 남겨져있어
넌 괜찮니 난 괜찮아
웃을 수 있는걸 보면
지나가는 시간 속에 잊혀져 갔나봐
가끔은 나를 생각하며 웃을 수 있는
니가 되기만을 바랄께
사랑을 하고 이별을 하고
눈물 흘렸던
그 기억들이 쉼표가 되어
살아가는 동안 힘든 일상 속에
잠시 쉬어가며
미소지을 수 있기를 바랄께
버리지도 남기지도 못했던
너의 흔적들
대수롭지 않은 듯이 다 두고 나왔어
그렇게 너를 잊어가며 웃을 수 있는
내가 될 수 있길 기도해
사랑을 하고 이별을 하고
눈물 흘렸던
그 기억들이 쉼표가 되어
살아가는 동안 힘든 일상 속에
잠시 쉬어가며 미소 지을께
비껴가는 시간 속에 언젠가 우연히
마주친다면 안부를 물어
고마웠다고 소중했다고 모든 것들이
그 기억들이 쉼표가 되어
살아가는 동안 힘든 일상 속에
잠시 쉬어가며
미소 지을 수 있기를 바랄게"
42,황정민 x 함춘호,남자의 노래(아버지),"한잔 술에 하루 시름 담아
고독을 안주 삼아 들이키노라
내가 걸어온 발자욱
일렁일렁 춤춘다
슬프고도 우습다
험한 세상 정글 같은 세상
내 터전이라 여기고 살았노라
매일 싸워온 양심이
일렁일렁 춤춘다
아프지만 참는다
꿈도 멋도 버렸다 너를 위해
야망도 낭만도 우리를 위해
바람처럼 자유롭고 싶었으나
하지만 모두 다 놓았다
가거라 세월아 오너라 네월아
내가 다 받아주마
가슴팍으로 막아줄 내 가족이
내 존재의 이유다
남자가 울 수 있는 건 세 번
그러나 현실은 매일이었노라
그간 삼켜 운 눈물이
일렁일렁 춤춘다
너희는 내 뒤에 있어라
꿈도 멋도 버렸다 너를 위해
야망도 낭만도 우리를 위해
내가 나를 위해 무엇 했더냐
그래도 늘 미안하구나
가거라 세월아 오너라 네월아
내가 다 받아주마
가슴팍으로 막아줄 내 가족이
내 존재의 이유다
기쁨의 눈물아 북받쳐 올라라
산다는 게 감격이다
떠날 때 이름 석자 남겨주마
내가 바로 남자다
떠날 때 이름 석자 남겨주마
내가 바로 남자다"
43,김연우,그런 꿈을 꾼다,"구겨진다
내 맘 저 깊은 곳
구석으로 밀어
집어넣는다
꺼내지도
다시 펴 볼 수도
없을 만큼 구겨 넣자
네가 웃으면 내가 다시 또
내 마음을 꺼내
읽고 보여줄까 봐
더욱더 깊이
혹 그게 다 안된다면
내 맘 죽어도 좋은
널 향해 적었던 내 맘
읽어 내려가 볼까 봐
혹시 그러면 모든 게
변하진 않을까
나 잠시 그런 꿈을 꾼다
유난히도
이번 계절에 난
참 많이도 앓고 또 아팠어
근데 말이야
그렇게 아프다
뭐가 좋다고 웃는다
어떡해야 해
나는 뭘 해도 네가 떠올라
마치 옆에 앉아서 조르는 듯이
그럴 땐 참지 못해서
내 맘 죽어도 좋은
널 향해 적었던 내 맘
읽어 내려가 볼까 봐
혹시 그러면 모든 게
변하진 않을까
나 잠시 그런 꿈을 꾼다
시작할 수 없는
바램을 난 이어 나가죠
그 끝이 어디고
어떻든
매일 난 죽도록 좋은
널 향해 적었던 내 맘
네게 읽어 주고 싶어
혹시 그러면 모든 게
기적처럼 너를
내게로 데려다줄까"
44,Various Artists,내게 오는 길 (피아노 연주곡),[가사 준비중]
45,Various Artists,산골 소년의 사랑이야기 (피아노 연주곡),[가사 준비중]
46,정키,오늘도 (Feat. DOKO),"낯선 오늘 같은 밤 오랜만이네
안 먹던 술 몇 잔과 다시 만난 너
포근한 소파 위에 마주 앉으면
나는 또 나는 또
아침에 눈 떠 보니 다시 혼자네
어젠 꿈이었을까 너는 없었네
나른한 소파 위에 눈을 감으면
나는 또 나는 또
오늘도 널 생각하곤 해
오늘도 널 후회하곤 해
오늘도 널 불러 보곤 해
오늘도 오늘도 나는 또
한참을 망설였네 혹시 받을까
골목 어귀에선가
마주치진 않을까
이런저런 생각에 밤을 지새면
나는 또 나는 또
오늘도 널 생각하곤 해
오늘도 널 후회하곤 해
오늘도 널 불러 보곤 해
오늘도 오늘도 나는 또
낯선 오늘 같은 밤 오랜만이네
안 먹던 술 몇 잔과 다시 만난 너
차가운 뒷모습과 서툰 미소에
나는 또 나는 또
오늘도 널 생각하곤 해
오늘도 널 후회하곤 해
오늘도 널 불러 보곤 해
나는 또 헛된 기대만 해
오늘도 예이 예에
오늘도 우우
오늘도 널 불러 보곤 해
오늘도 오늘도 나는 또
오늘도 오늘도 나는 또
오늘도 오늘도 나는 또
나는 또 나는 또 오늘도"
47,려욱 (RYEOWOOK),너에게 (I’m not over you),"무슨 말부터 할까 멈춰져 있는 펜
마음을 옮겨 적기가
생각보다 참 어렵네
너를 탓하거나 미워하진 않아
너의 그 따뜻한 말투
이제는 흐릿할 만큼
난 괜찮은 듯이 그럭저럭 살아
무던한 듯 보이지만 다만 아직
I’m not over you
I’m not over you
수 없이 혼자 반복하는 아픈 말들
I’m waiting for you
무슨 말을 써봐도 처음으로 돌아가
내 손끝을 붙잡아 봐도
내 머리 속엔 까맣게 네가 번져
I’m not over you
I’m not over you
수 없이 혼자 반복하는 아픈 말들
I’m waiting for you
밤새도록 써 내려간 내 맘
쏟아내고 있어 미쳤어 난
오늘도 널 멈추지 못해
I’m not over you
I’m not over you
I’m not over you
다 끝났단 걸 알면서도 여전히 난
I’m not over you
I’m not over you
I’m not over you
I’m not over you
남겨진 내 얘길 듣지 못할 너에게
I’m waiting for you
이 말은 너에게 보낼 수 없지만
I’m still waiting for you"
48,윤지성,쉼표,"잠시 뒤를 돌아봐
쉴 틈 없이 달려온 그대에게
눈을 지그시 감아
앞만 보고 달려온 그대에게
해주고 싶던 말 이 노래를 빌려
용기 내서 끄적여요
이 노랫말이 그대에게
살며시 전해지기를 바라요
때론 하늘을 봐봐 지나면
또 별거 아닌 거잖아
가끔 미소도 띄워봐
걱정거리나 없는 듯이
해맑게 웃으며
내 어깨에 기대 지금처럼
눈물을 흘려도 괜찮아요
잠깐이라도 내가 그대에게
쉴 곳이 되어줬으면 해요
끝은 마지막이 아니야
단지 쉼표일 뿐이야
잠시 멈춰있다 갈 뿐이야
너무 조급해 하지 마
정 힘들 땐 다시 꺼내봐
우리 소중한 기억들
남들이 하는 말들 중요치가 않아
여기까지 올라오기가
힘들었단 걸 알아
포기하고 싶었었잖아
나도 너무 잘 알아
그대로 충분해 이 한마디
어쩌면 외면했을지 몰라
누군가 말해주길 한참 동안
넌 기다렸었는지 몰라
끝은 마지막이 아니야
단지 쉼표일 뿐이야
잠시 멈춰있다 갈 뿐이야
너무 조급해 하지 마
정 힘들 땐 다시 꺼내봐
우리 소중한 기억들
남들이 하는 말들 중요치가 않아
그 누구도 내게 해준 적 없던
언제부터 인가 잊고 있었던
그런 말을 지금 하려 해
계속 쉬지 않고 달려왔잖아
잠시 뒤를 돌아 너를 느껴봐
너란 책에 쉼표를 그려봐 잠시만
끝은 마지막이 아니야
단지 쉼표일 뿐이야
잠시 멈춰있다 갈 뿐이야
너무 조급해 하지 마
정 힘들 땐 다시 꺼내봐
우리 소중한 기억들
남들이 하는 말들 중요치가 않아
남들이 하는 말들 중요치가 않아"
49,안현정,I Wish,"I wish you love me
기다려 왔던 우리 둘만의
Baby shine on my mind
I wish you find me
지금 이 순간 그대를 보는
I can see it in your eyes
달콤하게 싱그러운
그대 미소 마냥 행복해
그 입술로 말해줘요
좋아한다고 사랑한다고
I wish you love me
햇살보다 눈이 부신
그대라는 작은 선물
두 손 가득 안고서
함께 날아올라
반짝이는 별빛 아래
마주보고 우리 앉아
살짝 미소 짓는 너
세상 무엇보다
사랑해요 그대
I wish you love me
기다려 왔던 우리 둘만의
Baby shine on my mind
I wish you find me
지금 이 순간 그대를 보는
I can see it in your eyes
달콤하게 싱그러운
그대 미소 마냥 행복해
그 입술로 말해줘요
좋아한다고 사랑한다고
I wish you love me
I wish you find me
그대와 단 둘이"
