,가수,제목,가사
0,숙희,천상 여자 (Feat. PK 헤만),"야 내가 힘들거라고 했잖아
왜 나를 나쁜 사람을 만들어
아무 이유 없어
나 이젠 그냥 니가 싫어
정말 사랑했어 난 너밖에 없어
니가 떠나간 이후로 난 울기만했어
매일 술에 취해 너란 남자
잊으려고 노력했지만
술에 취할수록 니가 더 생각나
나 역시 정말 사랑했어
남들 다 얘기하잖아
너만은 특별하게 해주고 싶었다고
나도 그랬어 그래서 그랬어
아픈거 알면서도
그냥 견디어 주기를 원했어
언젠가는 내가 받은 사랑
돌려줄거니까
이렇게 힘들어도 나
너만은 지켰으니까
알아줄거라 믿었어
알고 있을줄 알았어 이런 날
정말 사랑했어 난 너밖에 없어
니가 떠나간 이후로 난 울기만했어
매일 술에 취해 너란 남자
잊으려고 노력했지만
술에 취할수록 니가 더 생각나
우린 다 끝난거니까
구차해지지 말자
우린 다 끝났으니까
기억하지도 말자
비겁한 술기운으로
연락하지도 말자
유치한 드라마처럼
다시 만나진 말자
내가 시작한 사랑이라서
내가 끝내는거야
헤어질때는 괜찮다더니
지금은 왜 이러는거야
넌 자존심도 없어 제발 그만해
너 자꾸 이럴수록 니가 더 싫어져
남자때문에 사랑때문에
다시는 울지 않을래
너무 아프니까
이렇게 미치게 만드니까 사랑은
너무 보고싶어 미칠것만 같아
너를 잊어야 하는데 그래야 사는데
나도 어쩔 수 없는 여자야
아무리 강한 척 해봐도
사랑에 목메는 그런 여잔가봐
넌 다른 사람의 유치한 얘기에는
미소짓지 못할거야
다른 사람과 입 맞출 때도
넌 날 잊지는 못할거야
누굴 만나도 이만큼
너는 사랑 받지는 못할거야
죽을 만큼 힘들더라도
돌아가지 않을거야"
1,정준영,응급실,"후회 하고 있어요
우리 다투던 그 날
괜한 자존심 때문에
끝내자고 말을 해버린거야
금방 볼 줄 알았어
날 찾길 바랬어
허나 며칠이 지나도
아무 소식조차 없어
항상 내게 너무 잘해줘서
쉽게 생각했나봐
이젠 알아 내 고집때문에
힘들었던 너를
이 바보야 진짜 아니야
아직도 나를 그렇게 몰라
너를 가진 사랑 나밖엔 없는데
제발 나를 떠나가지마
언제라도 내 편이 되준 너
고마운 줄 모르고
철없이 나 멋대로한거
용서할 수 없니
이 바보야 진짜 아니야
아직도 나를 그렇게 몰라
너를 가진 사랑 나 밖엔 없는데
제발 떠나가지마
너 하나만 사랑하는데
이대로 나를 두고 가지마
나를 버리지마 그냥 날 안아줘
다시 사랑하게 돌아와
다시 사랑하게 돌아와"
2,"투앤비 (2NB), 시하, 진혁, by me, 옐로우 벤치 (Yellow Bench)",안 괜찮아도 괜찮아,"아무도 날 알아 주지 않을 때
노력해도 뜻대로 되지 않을 때
알 수 없는 미래에
혼자서 길을 잃고 헤매도
괜찮아 안 괜찮아도 괜찮아
잘 될 거란 말도 와닿지 않고
별거 아닌 말들에 상처받아도
더딘 내 발걸음이
남보다 조금 뒤처진대도
괜찮아 안 괜찮아도 괜찮아
모두 잠든 캄캄한 밤 창 너머로
나처럼 잠 못 드는 여린 불빛들
힘들 때면 소리 내 조금 울어도 좋아
영원한 슬픔은 없는 거니까
곁에 있을게 힘이 돼줄게
언제든 손을 내밀어
혼자란 생각하지 마
어둠이 짙을수록
별이 환하게 빛나듯
밝게 빛나는 그런 날이 꼭 올 거야
소중한 건 늘 가까이에 있는데
왜 항상 남들과 날 비교했을까
바람 불면 애쓰지 말고 흔들려도 돼
시간이 흐르면 멈출 거니까
곁에 있을게 힘이 돼줄게
언제든 손을 내밀어
혼자란 생각하지 마
어둠이 짙을수록
별이 환하게 빛나듯
밝게 빛나는 그런 날이 꼭 올 거야
밝게 빛나는 그런 날이 꼭 올 거야"
3,지진석,우리 만나볼래요,"나도 모르게 어느새
그대로 가득 차버린 내 머릿속
나만 이럴까 여전히
아직도 알 수가 없는 그대의 마음
널 처음 봤던 날
어떻게 잊을까
말도 제대로 못했는데
늘 곁에 머물며
지켜준 내게 선물이 되어서
오 햇살이 좋아요
그대를 닮은 모든 것이 전부
따스한 날
눈 감으면
모두 우리로만 새겨놓은
기억이 포근하다면
우리 만나볼래요
그대 모르게 어느새
그대로 가득 채워낸 내 가슴에
두근거리는 떨림이
그대로 전해질까 봐 부끄러워 난
늘 너의 뒤에서
널 지켜보다가
말도 제대로 못했는데
날 알아봐 주고
드디어 내게 선물이 되어서
오 햇살이 좋아요
그대를 닮은 모든 것이 전부
따스한 날
눈 감으면
모두 우리로만 심어놓은
마음이 피어나기를
우리 만나볼래요
많이 어색하고
곁에만 가도 어쩔 줄을 모르고
하고 싶었던 말 반도 못했지만
앞으론 다를 거야
좀 더 다가와 줘요
전해진 그대의 마음
오 햇살이 좋아요
우리를 닮은 모든 것이 전부
따스한 날
눈 감으면
모두 우리로만 새겨놓은
환하게 빛나는 순간
간직하고 싶다면 이제
우리 사랑할래요"
4,다린,덧칠,"난 언젠가 지워질까 봐 겁이 나서
흐릿해지는 더
이어갈 수 없는 날들을
서둘러 선명히 남기곤 했었지
참 오랫동안 나를 흔들던 그대 이름
더는 서글퍼할 이유
없다는 걸 알면서
어쩌면 영영 사라질까 덧붙여간다
그려온 시간에 상처뿐이었대도
굳어버린 우리 마음 위로 또다시
덮어갈 수 있는 사랑을 생각해
한참을 이미 헝클어진
그 모습 끝으로 해진
기억들이 내겐 버거워
다시 또렷하게 너를 그려본다
참 오랫동안 내게 머물던 그대 이름
바랜 시간에 붙들려있다는 걸 알면서
어쩌면 영영 사라질까 덧붙여간다
그려온 시간에 상처뿐이었대도
굳어버린 우리 마음 위로 또다시
덮어갈 수 있는 사랑을 생각해
한참을 이미 헝클어진
그 모습 끝으로 해진
기억들이 내겐 버거워
다시 또렷하게 너를 그려본다"
5,다비치,슬픈 사랑의 노래,"미안한게 참 많아
하지 못한 말도 많아
지금 돌아선 너에게
줄껀 눈물 뿐인데
솔직히 참 서운해
이유조차 모르고
너와 헤어져야 한다는게
너무나 속상해
사실은 사실은
나 지금 울고있어
겉으론 애써 웃어보여도
사랑해 사랑해
내가 다 잘못했어
화내도 괜찮아 욕해도 괜찮아
그러니까 제발 나를 떠나지마
가지마 나 사랑 안해도 돼
내가 더 많이 사랑하면 되니까

오늘만 오늘만 참아주면 안되니
이대로 널 못 보낼것 같아
사랑해 사랑해
내가 다 잘못했어
화내도 괜찮아 욕해도 괜찮아
그러니까 제발 나를 떠나지마
가지마 나 사랑 안해도 돼
내가 더 많이 사랑하면 되니까
처음으로 돌려놔
네가 나를 사랑했던 때로
다 돌려놔
미안해 미안해
나 그런줄 모르고
마음이 떠난걸
내가 싫어진걸
정말 모르고 지냈어
어떡해도 뭘해도
마음이 떠났으면
옆에 있어도 사랑이 아니잖아
곁에 있을 자격도 없는
나 잖아"
6,태원,나쁜 남자 (Feat. JB),"나는 나쁜남자야
너도 알잖아 알고있잖아
눈물은 고이지만
그냥 돌아서 떠나가버려
아니야 거짓말이야
조금만 더 참아내면되
널 위해 떠나는거야
바보처럼 왜 몰라
난 너무 운이없어서
내곁에 있으면 불행해져
아름다운 내 사랑
처음으로 많이 사랑했어
너 하나만 약속해줘
내가 없어도 울지 않을거라고

보고싶다는 그 말
하고싶지만 할 수가 없어
내게 너무 귀해서
가질수조차 없는 너라서
가슴이 터질것처럼
나 역시 널 보고싶지만
널 위해 떠나는거야
바보처럼 왜 몰라
난 너무 운이없어서
내곁에 있으면 불행해져
아름다운 내 사랑
처음으로 많이 사랑했어
너 하나만 약속해줘
내가 없어도 울지 않을거라고
다시 돌아온다고
단 한마디 할 수 없었어
정말 니가 행복하기를 바라니까

널 사랑하니까"
7,홍민정,아마도 그건 (영화 '과속 스캔들'),"아마도 그건 사랑이였을거야
희미하게 떠오르는 기억이
이제야 그 마음을 알아버렸네
그대 눈에 비친 나의 모습을
아마도 그건 사랑이였을거야
돌아보면 아쉬운 그날들이
자꾸만 아픔으로 내게 찾아와
떨리는 가슴 나를 슬프게 하네
차가운 내 마음에 남은 너의 뒷모습
열린 문 틈으로 너는
내게 다가올 것 같아
한참을 멍하니 문만 바라보다
아침 햇살에 눈을 뜨고 말았네
사랑 그것은 엇갈린
너와 나의 시간들
스산한 바람처럼 지나쳐갔네
사랑 그것은 알수없는 너의 그리움
남아있는 나의 깊은 미련들

차가운 내 마음에 남은 너의 뒷모습
열린 문 틈으로 너는
내게 다가올 것 같아
한참을 멍하니 문만 바라보다
아침 햇살에 눈을 뜨고 말았네
사랑 그것은 엇갈린
너와 나의 시간들
스산한 바람처럼 지나쳐갔네
사랑 그것은 알수없는 너의 그리움
남아있는 나의 깊은 미련들
사랑 그것은 엇갈린
너와 나의 시간들
스산한 바람처럼 지나쳐갔네
사랑 그것은 알수없는 너의 그리움
남아있는 나의 깊은 미련들"
8,별,Sweet Love (Feat. 라임버스),"remember that
나는 언제나 너의 man
또 너의 fan 널 맴도는 boomerang
때론 힘들때 울적하고 슬플때
그럴땐 내게 전화해
언제까지라도 너를 지켜줄께
내 곁에 있어줘 늘 함께 할께
나와 잡은 손 절대 놓지말구
잠들때까지 나만 생각해줘 girl
너를 사랑해
everyday 널 생각해 what
너를 사랑해
You N me 항상 이렇게
사랑해라고 말해줄래
너만한 애 또 있을까 싶어
so 말하건대 넌 나의 princess
이 세상 전부 널 위한 노랠 부를께
내 이름 걸구
널 사랑해 널 사랑해
누구보다 널 사랑해
세상에 나보다 너를 더 좋아하는
사람은 아마 없을걸
온종일 널 그리고 매일 떠올려도
이상해 지겨워지질 않아
너는 그런 사람인가봐
go shawty It'z your birthday
내 눈엔 오직 너밖에 보이질 않아
너를 원해 baby you
should be my girlfriend
내 모든 걸 가져가
그래 난 오직 너밖엔 몰라
믿을수가 없어 난 니가 없는 하루가
상상이 되질 않아 baby I'm so Blind
너를 사랑해
baby girl 알지 you so fine
너를 사랑해
모두 알듯이 I'm so fly
우린 딱 맞는 couple
넌 내겐 선물 쫌 이기적인 것 뿐
흠 잡을데가 없지 다 아는걸
넌 the most beautiful girl
in this world
널 사랑해 널 사랑해
누구보다 널 사랑해
세상에 나보다 너를 더 좋아하는
사람은 아마 없을걸
온종일 나는 너만 생각하고
매일 상상을 해
둘이서 너와 나 단둘이서
사랑을 속삭여 Love you
얼마나 많은 날을 기다렸는지
내맘을 다 줄 한사람
이제야 너를 찾았어
사랑해 널 사랑해 누구보다 널 사랑해
세상에 나보다 너를 더 좋아하는
사람은 아마 없을걸
온종일 나는 너만 생각하고
매일 상상을 해
둘이서 너와 나 단둘이서
사랑을 속삭여 I love you

Love you"
9,이석훈,사랑하면 안돼요,"바보처럼 난 아이처럼
또 울먹이며
그대 등 뒤에 서 있죠
잘 지냈니
그 한마디조차 못해요
자꾸 목이 메어서
보고싶어 너무 그리워
난 쉴새없이 외쳤던 그대 이름도
그대 앞에선 혼잣말로도
난 감히 소리낼수가 없어요
돌아보면 안돼요
나를 절대 용서하면 안돼요
나를
내게 마음쓰지 말아요
그대를 울게 하는 일 밖에
아픈 것 밖에 난 못 주니까
어렸었고 어리석었던
지난 시간에 그 자리에 멈춰있죠
거울 앞에 선 내 두 눈속에서
그대의 눈물이 흘러요
돌아보면 안돼요
나를 절대 용서하면 안돼요
나를
내게 마음쓰지 말아요
그대를 울게 하는 일 밖에
아픈 것 밖에 난 못 주니까
내 말대로 해줘요
그댈 위해 추억으로만 남아
어쩌다 한번 평생에라도
한번 기억하면 되죠
사랑하면 안돼요 우리
서로 미련두지 말아요 우리
난 비겁하게 날 속여요
하고싶은 말 단 한마디인데
사랑해
돌아갈 순 없나요
우리 다신 돌이킬 수 없나요 우리
단 한번만 딱 한번만 제발"
10,Min G,미칠듯 그리워 (Feat. TigerEyes),"사랑 그 사랑때문에
내 맘이 무너져가요
참 잘해줬는데 나밖에 없었는데
그댄 지금 어디있나요
니가 둔 흔적들이 날 괴롭혀
아무리 씻어내고 지워봐도
그냥 내겐 남는걸
처음 만났을때 니가 내게
줬던 편지 선물
돈은 좀 없어도 우리
행복했던 지난 날
아직도 못잊어하고
힘들어하는 나지만
그래도 참아볼게
내심장이 터져도
미칠듯이 그리워도
안되는거 알잖아
이제는 지워줄게 내맘에서
내가 먼저 그대를 보내줄게요
참 아팠죠 내 못난 사랑때문에
내 욕심에 그때는 알지 못했죠
참 고마운 사람이란 걸
나만보며 웃어주던 착한 그사람
내 삶의 빛이 된 사람
고마웠는데 정말 행복했는데
이제는 내곁에 없네요
함께하며 즐거웠던 많은 시간들
매일밤 눈물로 얼룩져
잘된 일이라며 울며 지워내봐도
내맘이 놓칠 못하나봐
내가 먼저 그대를 보내줄게요
참 아팠죠 내 못난 사랑때문에
내 욕심에 그때는 알지 못했죠
참 고마운 사람이란 걸
두번 다시는
보내지 않을거야
내 사랑아 사랑아
못난 사랑아
죽도록 사랑했고 죽도록
미워했어
니가 나의 전부란걸 이제야
알았어
헤어지고나니 정말 후회가 돼
이제와 애원하고 붙잡아도
네겐 소용없잖아
날 위해 흘렸던 네 눈물
내가 이제 다시 걷어줄순 없지만
기도할게 더 좋은 사람만나
행복해
고마워요 내곁에 잠시 살아서
미안한게 많아서 나는 어쩌죠
잘 지내요 죽어도 못잊을 사람
그게 바로 그대였어요
사랑 그 사랑때문에
그래도 살아가네요
참 고마웠다고 정말 미안하다고
그댄 지금 어디있나요"
11,Various Artists,서른 즈음에,"또 하루 멀어져 간다
내뿜은 담배 연기처럼
작기만한 내 기억 속에
무얼 채워 살고 있는지
점점 더 멀어져 간다
머물러 있는 청춘인 줄 알았는데
비어가는 내 가슴 속엔
더 아무 것도 찾을 수 없네
계절은 다시 돌아 오지만
떠나간 내 사랑은 어디에
내가 떠나 보낸 것도 아닌데
내가 떠나 온 것도 아닌데
조금씩 잊혀져 간다
머물러 있는 사랑인 줄 알았는데
또 하루 멀어져 간다
매일 이별하며 살고 있구나
매일 이별하며 살고 있구나
점점 더 멀어져 간다
머물러 있는 청춘인 줄 알았는데
비어가는 내 가슴 속엔
더 아무 것도 찾을 수 없네
계절은 다시 돌아 오지만
떠나간 내 사랑은 어디에
내가 떠나 보낸 것도 아닌데
내가 떠나 온 것도 아닌데
조금씩 잊혀져 간다
머물러 있는 사랑인 줄 알았는데
또 하루 멀어져 간다
매일 이별하며 살고 있구나
매일 이별하며 살고 있구나"
12,god,우리가 사는 이야기 (Feat. 메건리),"Love

what is true love
사람도 사랑도 많이 서툰
삶도 이 끝이 없는 질투
너무 많은 사람은
가슴에 멍든
죄를 짓고서도
매일 살아가야 하는
비우고 비워도
욕심이 또 자라서
숨어요 비겁하게
더 어둡게 숨어요
고요한 마음 깨어 있는 사람
그립다 고향의
따뜻했던 바람
남의 편 같은 남편과
가슴에 식어가는 아내
바늘 같이 예민한 아들
아주 삐딱한 우리 막내 딸
사랑한단 말 고맙다는 말
가슴 한 켠에
묻어둔 채 살다가
이제서야 늦었지만
숨기지 않고 말할게
소중한 사람 지켜줄 그 사랑
내 옆에
늘 같은 자리에 있단 걸
몰랐었던 바보 같던
우리가 사는 이야기
물어뜯고 싸우고
왜 다시 울어
그게 사랑이 맞냐고
서로에게 물어
아까워 그렇게 흘린
눈물 한 방울이 안쓰러워
난 강처럼 말라버린 마음이
남을 위한 기도는
곧 나를 위한 기도
혹시 알면서도
우린 외면했는지도
사람이 사람 같지가 않아
사랑이 사랑 같지도 않아
남의 편 같은 남편과
가슴에 식어가는 아내
바늘 같이 예민한 아들
아주 삐딱한 우리 막내 딸
사랑한단 말 고맙다는 말
가슴 한 켠에
묻어둔 채 살다가
이제서야 늦었지만
숨기지 않고 말할게
소중한 사람 지켜줄 그 사랑
내 옆에
늘 같은 자리에 있단 걸
몰랐었던 바보 같던
우리가 사는 이야기
남의 편 같은 남편과
가슴에 식어가는 아내
바늘 같이 예민한 아들
아주 삐딱한 우리 막내 딸
사랑한단 말 고맙다는 말
가슴 한 켠에
묻어둔 채 살다가
이제서야 늦었지만
숨기지 않고 말할게
소중한 사람 지켜줄 그 사랑
내 옆에
늘 같은 자리에 있단 걸
몰랐었던 바보 같던
우리가 사는 이야기
우리가 사는 이야기"
13,윤종신,지친 하루,"거기까지라고 누군가
툭 한마디 던지면
그렇지 하고
포기할 것 같아
잘한 거라 토닥이면
왈칵 눈물이 날 것만 같아
발걸음은 잠시
쉬고 싶은 걸
하지만 그럴 수 없어
하나뿐인 걸
지금까지 내 꿈은
오늘 이 기분 때문에
모든 걸 되돌릴 수 없어
비교하지 마 상관하지 마
누가 그게 옳은 길이래
옳은 길 따위는 없는 걸
내가 택한 이곳이 나의 길
미안해 내 사랑
너의 자랑이 되고 싶은데
지친 내 하루 위로만 바래
날 믿는다 토닥이면
왈칵 눈물이 날 것만 같아
취한 한숨에 걸터앉은 이 밤
해낼게 믿어준 대로
하나뿐인 걸 지금까지 내 꿈은
오늘 이 기분 때문에
모든 걸 되돌릴 수 없어
비교하지 마 상관하지 마
누가 그게 옳은 길이래
옳은 길 따위는 없는 걸
내가 좋은 그곳이 나의 길
부러운 친구의 여유에
질투하지는 마
순서가 조금 다른 것뿐
딱 한 잔만큼의 눈물만
뒤끝 없는 푸념들로
버텨줄래 그 날이 올 때까지
믿어준 대로 해왔던 대로
처음 꿈꿨던 대로
오늘 이 기분 때문에
모든 걸 되돌릴 수 없어
비교하지 마 상관하지 마
누가 그게 옳은 길이래
옳은 길 따위는 없는 걸
내가 걷는 이곳이 나의 길
옳은 길 따위는 없는 걸
내가 걷는 이곳이 나의 길"
14,스무살,어쩌면 위로가 필요했던 우리,"Hello 잘 지내니
거긴 어때 듣고 있니
교복을 입고 있던
교실 어딘가에 나 말야
별로 못 지내니
하루 빨리 오고 싶니
좀 더 자유로워질 거라
생각하는 여기로 말이야
그래 지금 이 곳도 썩 괜찮은 듯해
네가 꿈꾸던 날과 얼마나
닿아 있는지 모르지만
듣고 있다면 기억해줄래
그 곳의 네가 지금 내가 되기까지
사실 참 힘들었거든
네가 있는 그 곳이
지금 내겐 꿈같은 곳이야
지구 반대편도
갈 수 있는데 말이야
네가 있는 그 곳은
어떻게 해도 갈 수가 없어
친구라 부를 수 있는
사람들이 많았던
썩 외롭지 않았던
그 곳의 나에게 편지를 써
그래 지금 이 곳도
썩 괜찮은 듯해
네가 꿈꾸던 날과 얼마나
닮아 있는지 모르지만
듣고 있다면 기억해줄래
그 곳의 네가 지금 내가 되기까지
사실 참 힘들었거든
네가 있는 그 곳이 꿈같은 곳이야
오늘이 쌓여서
그 곳의 네가 내가 돼
좀 더 많이 웃고 울고 넘어지는 걸
두려워하지 마
하늘은 언제나 어두웠다가도
이내 햇살을 드러내며
반드시 맑아져 and you"
15,허각,흔한 이별 (Remastered),"매일 집으로 돌아가는
익숙한 골목 거리 사이
불어온 볼 스치는
차가워진 이 바람을 따라
걷다가 네 생각이 나 잘 지내니
많이 바쁘게 지냈나 봐
너 없는 하루가 왜 그리
느리게만 가는지 했던 게
어제 일만 같은데
어느새 까맣게 잊고 살았나 봐
이 계절이 널 기억하고 있나 봐
우리가 헤어진 게 이맘때였어
그때는 왜 그렇게 세상을
다 잃은 것만 같던지
지나 지나고 보니
흔한 이별인 듯 살아져
너도 나처럼 어느새 잊었을까
참 사랑했었던 애틋했던
우리 사이 이젠
남들과 같나 봐
지나보니 알 것 같아
다 내 잘못이었다는 걸
들릴 듯 말 듯 하게
나 혼잣말로 미안했다며
별일은 없는지 너를 불러봐
이 계절이 널 기억하고 있나 봐
우리가 헤어진 게 이맘때였어
그때는 왜 그렇게 세상을
다 잃은 것만 같던지
지나 지나고 보니
흔한 이별인 듯 살아져
너도 나처럼 어느새 잊었을까
참 사랑했었던 애틋했던
우리 사이 이젠
남들과 같나 봐
생각보다 많이 무뎌진 것만 같아서
조심스레 괜찮다 말해
볼 스치는 바람 따라 살며시
너를 싣고서
이젠 보내줄래"
16,AJ,다른 길을 걷고 다른 사랑을 찾아가 (Vocal by 이경환),"우연히 길을 걷다가
문득 니가 떠올라
함께 자주 걸었던
그 거리를 가봤어
아직 너를 못 잊은 걸까
참 많이 변한것같아
자주 갔던 까페도
언제 사라졌는지
낯설게만 느껴져
그래 니가 없잖아
이제는 헤어져
다른 길을 걷고
다른 사랑을
찾는 날도 오겠지
한 장의 기억에
못다 한 이야기
시간 속에 묻어둔 채
지워져 가겠지
날 향한 너의 눈빛에
슬픈 내일이 보여
이별이 오려나 봐
가두려고 하지 마
흘러가는 대로 따라가
한때는 행복했잖아
너도 좋아했잖아
그걸로 난 충분해
너를 이해할 테니
단지 끝난 이야기
이제는 헤어져
다른 길을 걷고
다른 사랑을
찾는 날도 오겠지
한 장의 기억에
못다 한 이야기
시간 속에 묻어둔 채
지워져 가겠지
태연한 척해 보려
애써 웃어 봐도
허전한 걸
오래된 것 같아
우리의 이별이
주마등처럼
나를 스쳐지나고
시든 꽃잎처럼
사랑도 끝나고
불어오는 바람 속에
널 떠나보내고"
17,펀치 (Punch),아니,"나만 또 모르는 얘기
네가 날 떠난단 얘기
좋았던 시간은 이제 다
너에겐 추억으로
남아야하는가봐
아프냐고 아니 아니
그저 널 보고 싶었을뿐야
돌아오라 말하면 너 사라질까
두려워 서러워지니까
사랑은 그런거래요
이만큼 아픈거래요
마지막 인사도 못하고 떠나야했었다면
그건 사랑이 아냐
아프냐고 아니 아니
그저 널 보고 싶었을뿐야
돌아오라 말하면 너 사라질까
두려워 서러워지니까
나만 모르는거니
나만 아픈거였니
네가 올때까지 난 기다리고있을게
이런 날 잊지말아줘
잊으라고 아니아니
난 도저히 널 잊을 자신없어
내곁으로 다시 너를 데려와줘
날위해 널위해 여기로
사랑해 사랑해 너만을"
18,차은우 (ASTRO),Focus on me,"나에게 집중해
나에게 귀 기울여봐
세상은 너에게 차갑고 시린
아픔을 줄지도 몰라
하루 살아내기가 힘겨울지도 몰라
그땐 내 말을 기억해
넌 혼자가 아냐
나에게 집중해
나에게 귀 기울여봐
세상은 너를 몰라도
결국 너는 환하게 빛날 테니
너의 길을 가렴 절대 초라해지지 마
항상 니 곁에 있을게
나를 잊지 마
Focus on me
Oh Hear my voice
Lean on my shoulder
내게 기대도 돼
잊지 마 널 응원할 한사람
Focus on me
Oh Here I am
I will always be your side
작은 내 소리 들린다면
더 큰 걸음으로 나아가
Focus on me
Oh Hear my voice
Lean on my shoulder
내게 기대도 돼
잊지 마 널 응원할 한사람
Focus on me
Oh Here I am
I will always be your side
작은 내 소리 들린다면
더 큰 걸음으로 나아가
Focus on me
Oh Hear my voice
오 오 오
작은 내 소리 들린다면
더 큰 걸음으로 나아가"
19,지선,사랑해... (Feat. 알렉스),"사랑해 오직 너 뿐이야
내 안에 담을 수 있는 사람
내 마음도 날 따르지 않아
모든 건 너를 향해 있어
사랑해 오직 너 뿐이야
내 안에 담을 수 있는 사람
내 마음도 날 따르지 않아
나의 모든 건 너를 향해 있어
단 한 사람 오직 한 사람
내 마음을 말해 줄 수 있는
내 슬픔을 안아 줄 수 있는
내 상처를 아물게 해 줄
오직 한 사람
그대라는 이름만으로
널 사랑해 오직 너 뿐이야
내 안에 담을 수 있는 사람
내 마음도 날 따르지 않아
나의 모든 건 너를 향해 있어
처음부터 그대는
영원토록 그대는
내 안에 숨 쉴 수 있는
유일한 사람이죠
난 사랑 할께요
그댈 기억할께요
지금 이 느낌을 떨리는 감정을
my one and only love
사랑해 오직 너 뿐이야
내 안에 담을 수 있는 사람
내 마음도 날 따르지 않아
나의 모든 건 너를 향해 있어
사랑해 오직 너 뿐이야
모든 건 너를 향해 있어"
20,싸이 (PSY),벌써 이렇게,"그리워하다 미워하다
지워버리지 뭐
지워버리지 뭐
시간이 약이야 다 순간이야
너와 헤어졌을 당시
나는 미쳐 잠시
숨을 쉬지 못할 정도의
슬픔과 아픔
또 가끔씩 들려오는 니 소식에
나 소심해져서 술로 지새
이러다 니가 죽든 내가 죽든
이건 무슨 사람 사는게 아냐
여기든 저기든 어디든지 간에
뭘 하든지 간에
무조건 너만 생각나네
하지만 날 떠났던
그 사람은 저만치에 가고
다시 사랑 않겠다던
그 당시의 각오
넌 잊혀져가고 yo
시간이 약이야 다 순간이야
시간 지나고 나서 보니
계절이 다시 오니
그리워하다 미워하다
지워버렸지 뭐
이젠 뭐 그렇지 뭐
가물가물해
또 새로운 사랑 이젠 가능해
이젠 나 다른 사람 만나러 가요
새로운 사랑이 오는가봐요
너없인 안될줄 알았는데
벌써 이렇게 벌써 이렇게
이젠 나 다른 사람 만나러 가요
새로운 사랑이 오는가봐요
그사람 만나러 가는 길
벌써 이렇게 또 다시 떨려와요
너랑 같이 갔던 같은 곳이야
너가 아닌 딴사람과 함께 말이야
사람이란게 간사한게
이렇게 새롭게 시작된 지금이
좋을 뿐이야 그뿐이야
묘한 기분이야
이젠 내겐 새로운 만남에 대한
설레임이 전부
나의 전부였던 너는 더는 없어
이제 벌써 설레임이
내일 그리고 차츰 익숙해져
매일 세상 제일 기쁜 사람으로
만들어 주고 싶은 맘
어느때보다 훨씬 더 커
아름다운 기쁜 맘
고의적으로 미안하게 했다만
이젠 너도 어여 나보다
훨씬 좋은 사람 만나

이젠 나 다른 사람 만나러 가요
새로운 사랑이 오는가봐요
너없인 안될줄 알았는데
벌써 이렇게 벌써 이렇게
이젠 나 다른 사람 만나러 가요
새로운 사랑이 오는가봐요
그사람 만나러 가는 길
벌써 이렇게 또 다시 떨려와요

그리워하다 미워하다
지워버렸지 뭐
지워버렸지 뭐
시간이 약이야 다 순간이야
너는 더는 없어"
21,테이,기적 같은 이야기,"음악을 듣고 눈물을 닦고
널 떠나보내고 그 흔적 지울 때
사랑했다는 니 말은 이별의 보상이라
아픔을 삼켜주죠
사랑해 알지못했던 그 말
또 흘러가던 날들이
사랑했던 따스했던 기억아 잊어라
돌아갈 수 없는 길 돌이킬 수 없는 날
기적같던 찬란했던
이야기는 과거된 순간
아픈 상처 뿐이라 긴 추억을 덮는다

TV를 켜고 침묵을 털고
빈 가슴 말리고 그 시간 보내고
사랑했다며 이별은 행복의 그림자라
이 날을 만들죠
그립다 이해못했던 그 말
또 흔들리는 마음이
사랑했던 따스했던 기억아 잊어라
돌아갈 수 없는 길 돌이킬 수 없는 날
기적같던 찬란했던
이야기는 과거된 순간
아픈 상처 뿐이라 긴 추억을 덮는다
사랑해 널 기억했던 나를 위해
지나간다 흘러간다 마음아 커져라
사랑하게 한 사람 되려 고마운 사람
사랑했던 함께였던
시간들은 과거의 순간
기적같던 이야기
추억에 날 보낸다"
22,다비치,봄,"봄
사랑이 떠나가
이 예쁜 계절에 넌 떠나가
그래 알 것 같더라
차가워진 마음 다 느껴져
뽀얀 먼질 불어내듯
힘없는 나를 몰아내
새하얗게 사라지네
있잖아 나는 어떡해
사랑이 또 어김없이 저무는데
난 네가 없잖아 남은 게 없잖아
흔적도 없는 너
눈 녹듯 그래 나도 없잖아
세상이 다 무너져
가까스로 버텨도 어느새
그래
기댈 곳 없더라
닫혀 버린 마음 다 느껴져
끝내 나를 지나갔듯
시간도 그래 주겠지
이 아픔도 이 슬픔도
있잖아 나는 잠시만
너 없이 널 사랑할게
혼자라도
난 네가 없잖아 남은 게 없잖아
흔적도 없는 너
눈 녹듯 그래 나도 없잖아
세상이 다 무너져
가까스로 버텨도
너를 너무 사랑해서
나보다 널 사랑해서
널 힘들게 날 외롭게 했어
난 네가 없잖아
네 곁에 없는데
남은 게 없잖아
흔적도 없는 너
눈 녹듯 그래 나도 없잖아
세상이 다 무너져 가까스로 버텨도
사랑해"
23,조연호,좋겠어,"제법 잔잔해진 하루의 끝에도
어김없이 난 너를 찾게 돼
요즘 어떤지 아프진 않은지
버릇이 된 걱정이 자꾸만 앞서서
우연히 접하게 된 너의 소식에
허탈하게 웃음만 나와서
무색할 만큼 잘 지내는 너를
미워해야 하는지 아직 모르겠어
좋겠어 넌 참 쉬워서
금세 지워버린 우리 자리
태연히 지나쳐버린
너의 기억 속 나는 어떻게 살아가
다 끝난 일이라 다짐을 해봐도
어리석게 또 너를 기다려
혹시 오늘은 날 찾지 않을까
헛된 희망으로 나 하루를 살아가
좋겠어 넌 참 쉬워서
금세 지워버린 우리 자리
태연히 지나쳐버린
너의 기억 속 나는 어떻게 살아가
좋겠어 좋겠어 좋겠다
좋겠다 너의 그 사람
나는 잡지 못한 예쁜 너의 꿈을
이뤄줘서 고맙다고 말할까
이젠 어떡해 난 어떡해
못해 괜찮은 척
널 가장 잘 아는 사람 나였잖아
제발 버리지는 마
우리 함께한 시간 잊지 마"
24,권인하,사랑이 사랑을,"너의 두 눈에 잃어버린

나의 사랑을 보네

가슴속에 간직한 기억들

이제는 모두 지울 수 있겠지

너와 있으니

아파했던 모든 기억들

힘겨웠던 나의 지난날이

사랑을 만나고

지나온 순간들 모두

운명이라 느끼면

웃을 수 있겠지

사랑이 사랑을 모르고

지나가 버린다면

뒤돌아 후회 속에 눈물뿐이지

사랑이 사랑을 거짓

없는 가슴 하나로

기댈 수 있게 할 때

느껴지니까



힘겨웠던 나의

지난날이 사랑을 만나고

지나온 순간들 모두

운명이라 느끼면

웃을 수 있겠지

사랑이 사랑을 모르고

지나가 버린다면

뒤돌아 후회 속에 눈물뿐이지

사랑이 사랑을 거짓 없는

가슴 하나로

기댈 수 있게 할 때

느껴지니까

사랑이 사랑을 모르고

지나가 버린다면

뒤돌아 후회 속에 눈물뿐이지

사랑이 사랑을 거짓

없는 가슴 하나로

기댈 수 있게 할 때

느껴지니까"
25,양수경,이별의 끝은 어디인가요,"어떻게 돌아왔는지
아무 생각도 나질 않아
예감할 수 없었던 이별이였기에
그 무슨 말을 했는지
그저 눈물만 흐르네요
믿을 수가 없었던 이별이였기에
무슨 이유로 떠나야 했나요
나보다 더 나를 사랑했던 그대가
왜 나를 떠나야 했는지
아직도 눈물이 남아 있었나요
내 모습이 정말 싫어요
또 다른 사랑을 찾아야 하나요
내 이별의 끝은 어디인가요
무슨 이유로 떠나야 했나요
나보다 더 나를 사랑했던 그대가
왜 나를 떠나야 했는지
아직도 눈물이 남아 있었나요
내 모습이 정말 싫어요
또 다른 사랑을 찾아야 하나요
내 이별의 끝은 어디인가요"
26,이정(J.Lee),자물쇠,"행복하니까 괜찮으니까
걱정을 말아요
그대 마음을 알아요
오히려 혼자일 그대가
가는 발걸음마다 자꾸 잡네요
날 욕해도 되요 미워해도 되요
사랑 하나 못 지킨 바보라고요
사랑한다면서
잡은 그대 손을 놓잖아요
가지말라는 그대를 버려둔채로
그대가 먼저 떠나요
그대가 먼저 잊어요
독하게 돌아서면
조금은 쉬울꺼에여
내가 지은 죄가 우릴 막아
모질게 못 놓아요
이기적인 사랑을 용서해요

한참을 걸어도 종일 걸어봐도
제자리만 맴도는 시계추 같죠
안된다고 해도
가지말라해도 듣질 않죠
억지로라도 붙잡아 막고 싶은데
그대가 먼저 떠나요
그대가 먼저 잊어요
독하게 돌아서면
조금은 쉬울꺼에여
내가 지은 죄가 우릴막아
모질게 못 놓아요
이기적인 사랑을 용서해요
참고 참아서 세상이 포기할때
헤어진 그 자리이길 빌어요

이대로 그냥 가세요
이대로 나를 버려요
내 탓에 아픈 그댈
내 눈에 두기 싫어요
우리 기억들을 잠궈놓을
자물쇠가 있다면
나를 먼저 가둔채 그냥 가요"
27,가비엔제이,연락하지마 (Feat. LE Of EXID),"기분좋게 화장을 하고
힐 높은 구두를 신고서
거릴나서지
이 노랠 들으며
은근슬쩍 사람들 시선
오랜만에 나쁘지 않아
니가봤다면 아마 후회할걸
너없으면 죽을것만 같았는데
신기하지 살만해
이젠
bye bye bye bye
연락하지마 밤늦게도 술취해도
no no
외로워도
no no
연락하지마
다다다다 끝난거잖아
매달리던 내가 미쳤지
너보다 더 잘난사람 만나줄게
요즘 새로 만나는 남자
누가봐도 너무 괜찮아
말만 앞서던
너완 너무 달라
버릇같은 너의 거짓말
oh
니장난에 눈물 쏟던
내가 불쌍해
oh
너없으면 죽을것만 같았는데
신기하지 살만해
이젠
bye bye bye bye
연락하지마 밤늦게도 술취해도
no no
외로워도
no no
연락하지마
다다다다 끝난거잖아
매달리던 내가 미쳤지
너보다 더 잘난사람 만나줄게
제발 그만 잊어 내 전화번호
이제 다 끝났잖아
Baby come on
그냥 입 닫고 떠나주면 돼
날 잡으려 했던 행동 그만둬줄래
우리의관계
Don't tell anybody
이미 깨끗하게 비워진 내맘이
아무리 니가 날 또 흔들어도 끝났어
It's over
손 흔들어줘
이젠
don't don't don't don't
i don't wanna cry
니 목소리 생각나도
no no
마주쳐도
no no i don't wanna cry
luv luv luv luv
사랑할꺼야 매달리고 애원해봤자
이젠 너무 늦었잖아 정신차려
bye bye bye bye
연락하지마
밤늦게도 술취해도
no no
외로워도
no no
연락하지마
다다다다 끝난거잖아
매달리던 내가 미쳤지
너보다 더 잘난사람 만나줄게
I don't wanna your love
이젠 정말
bye bye bye"
28,"유성은, 울랄라세션",그랬나봐,"많은 친구 모인 밤
그 속에서 늘 있던 자리에
니가 가끔 보이질 않을 때
내가 좋아했던 너의 향길 맡으며
혹시 니가 아닐까
고갤 돌려 널 찾을 때
우연히 너의 동넬 지나갈 때면
어느새 니 얼굴 자꾸 떠오를 때
그랬나 봐 나 널 좋아하나 봐
하루 하루 니 생각만 나는 걸
널 보고 싶다고 잘 할 수 있다고
용기 내 전활 걸고 싶었는데
그게 잘 안 돼 바보처럼
우연히 너의 메일을 알게 되면서
모니터 앞에 널 밤새 기다릴 때
그랬나 봐 나 널 좋아하나 봐
하루 하루 니 생각만 나는 걸
널 보고 싶다고 잘 할 수 있다고
용기 내 전활 걸고 싶었는데
그게 잘 안 돼 바보처럼
말하지 못한 막막함을
너는 알고 있을까
오랫동안 기다려 온 사랑
내 앞에 숨 쉬고 있는 걸
넌 언제나 나를 꿈 꾸게 하지
지금보다 더 좋은 남자
되고 싶다고 널 만나러 가는
이 시간 난 연습해
그토록 오랜 시간 가슴 속에
숨겨 왔던 말 사랑해"
29,ASTRO (아스트로),풋사랑,"눈물이 자꾸 멈추지 않아
첫사랑이었잖아
이별이 서툴렀던 이유는
넌 나의 첫사랑이기 때문에
둘만의 장소들 못 이룬 약속들
다신 널 볼 수 없다는 걸
잘 알아 알아 알아
풋사랑이라도 알아 어려도
아픈 건 같잖아
이별이 낯설었던 건 말야
넌 나의 첫사랑 서툴렀던 사랑
고마웠던 사랑
후
내가 생각했던 것보단
더 아프기도 해
우리 사진첩 보다
네 행복을 기도해
내가 먼저 사랑한다
내가 많이 아낀다는 말
못해줘서 항상 미안해
염치없는 말이지만 네 안에
내 모습 아직
풋풋한 첫사랑으로 남고파
하고 싶은 것도 다 못한 우리
후회해도 똑같아
쓸데없는 눈물이 뚝 뚝 뚝 뚝
떨어져도 난 괜찮아
난 꾹 꾹 꾹 꾹 참아도 넌 울지마
추억이 자꾸 떠나지 않아
첫사랑이었잖아
사랑이 서툴렀던 걸 알아
미안해 더 잘해주지 못 해서
우리 헤어져도 너만은
아프지 않기를 난 간절히 바래
제발 제발 제발
제발
풋사랑이라도 알아
어려도 아픈 건 같잖아
이별이 낯설었던 건 말야
넌 나의 첫사랑 서툴렀던 사랑
고마웠던 사랑
후
늘 함께 울고 늘 함께 웃던
고마운 사람
나의 첫사랑이야 영원한 사랑
Woo
넌 나의 첫사랑
나의 첫사랑
서툴렀던 사랑
서툴렀던 사랑
고마웠던 사랑 행복하기를
꼭 행복해야 해
Oh
사랑받아야 해
사랑받기를 기도해
시간이 지나면
웃을 수 있길
추억이 돼 버린 풋사랑
고마워 나의 첫사랑"
30,반하나,혼자 사는법,"나 아직도 적응이 안 돼
꽤 오랜 시간이 지난 듯 해도
여전히 어색해 혼자 살아가는 게
아냐 널 못 잊어 우는 게 아냐
다만 그냥 가끔 외로워지면
슬퍼질 뿐이야 혼자 살아가는 게
그래서 그래 둘에 너무 익숙해져
너와 함께한 시간이 너무 길었는지
혼자인 나를 잊어서
그래서 그래 내가 머리가 나빠서
혼자였을 때 나 어떻게 살았었는지
아직 기억이 안 나서
잠시만 이래
사실 가끔 이런 생각도 들어
익숙해지기 싫은 것도 같아 나
혼자인 내가 싫어서 그런가 봐
그래서 그래 둘에 너무 익숙해져
너와 함께한 시간이 너무 길었는지
혼자인 나를 잊어서
그래서 그래 내가 머리가 나빠서
혼자였을 때 나 어떻게 살았었는지
아직 기억이 안 나서
잠시만 이렇다고
아무리 내게 말을 해봐도
이해가 안가 둘이 아닌 내가
이렇게 힘들었는지
그래서 그래 둘에 너무 익숙해져
너와 함께한 시간이 너무 길었는지
혼자인 나를 잊어서
그래서 그래 내가 머리가 나빠서
혼자였을 때 나 어떻게 살았었는지
아직 기억이 안 나서
잠시만 이래
나 어떻게 살았었는지
아직 기억이 안 나서 나만 이러니"
31,안수지,청춘의 덫,"얼마나 다짐했었는데
너 없이 살 수 있다고
증오란 이름의 독은
내 혈관 속에 흘러
차갑게 비웃었네
짓밟힌 작은 영혼을
사랑을 믿는다는 게 죄라면
또 죄겠지만
가슴속 남겨놓았던
바보 같은 미련 때문에
사랑이 사랑을 배반하고
증오하도록 나는 보고만 있네
사랑을 믿는다는 게 죄라면
또 죄겠지만
가슴속 남겨놓았던
바보 같은 미련 때문에
사랑이 사랑을 배반하고
증오하도록 나는 보고만 있네
더 이상 붙잡을 수 없네
모든 걸 알고 있거든
잘려진 그리움 위로
떨어지는 눈물은
내 것이 아니라고
너에게 돌려 주리라
사랑을 믿는다는 게 죄라면
또 죄겠지만
가슴속 남겨놓았던
바보 같은 미련 때문에
사랑이 사랑을 배반하고
증오하도록 나는 보고만 있네
사랑을 믿는다는 게 죄라면
또 죄겠지만
가슴속 남겨놓았던
바보 같은 미련 때문에
사랑이 사랑을 배반하고
증오하도록 나는 보고만 있네"
32,첸 (CHEN),하고 싶던 말 (Sorry not sorry),"실은 하고 싶던 말 턱까지 차올라도
할 수 없던 말 우리 헤어져
차마 하지 못하고
더욱 날 아프게 만들어
더 이상 어떻게
시간이 해결해주리란 믿음
그 하나로 버텨왔는데 후회해
너 없이 살아볼게
힘들어도 견뎌볼게
네가 없는 하룬 참 낯설겠지만
함께라서 행복했던
시간마저 떠올리기 싫어
난 우연이라도
마주치는 일 없기를 우리 헤어져
조금 더 노력하면
내 맘 다 알아줄 거라고
미련한 기대만
시간이 해결해주지는 않아
애써 붙잡았던 날들 후회해
너 없이 살아볼게
힘들어도 견뎌볼게
네가 없는 하룬 참 낯설겠지만
함께라서 행복했던
시간마저 떠올리기 싫어
난 우연이라도
마주치는 일 없기를 우리 헤어져
처음으로 너에게 말할게
차라리 욕해도 좋아
너의 마음 이해하려 하던
이유가 더는 내게 없어 후회해
너 없이 살아볼게
힘들어도 견뎌볼게
늘 주는 것밖에 모르던 날 위해
할 수 있는 모든 것들
널 위해 내어준 마음
더 이상 미련은 없어
마주치는 일 없기를 바래 이젠
사실 하고 싶던 말
미안해"
33,"존박, 임채언",잡아,"잠깐만 눈을 감아봐
널 위한 선물이 있어
그동안 우리 많이 다투고
싸웠지만 아직 단단해
누가 뭐라고 해도
난 너를 지킬게
높은 파도가 밀려와도 나는
네 옆에 있을게
강한 비바람이 널 덮쳐도
네 옆을 지킬게
잡아 꼭 잡아
여기 내 두 손
절대 놓지 마
나를
잠깐만 모든 걸 잊고
집중해 둘만의 시간에
1분 1초가 너무 소중해
한순간도 놓치기 싫어
누가 뭐라고 해도
난 우릴 지킬게
높은 파도가 밀려와도 나는
네 옆에 있을게
강한 비바람이 널 덮쳐도
네 옆을 지킬게
잡아 꼭 잡아
여기 내 두 손
절대 놓지 마
나를
항상 부족한 나를
사랑해준 너
네게 줄 수 있는 건 사랑뿐
약속해 널 넘치게 사랑해줄게
oh baby 날 꼭 잡아줘
높은 파도가 밀려와도 나는
네 옆에 있을게
강한 비바람이 널 덮쳐도
네 옆을 지킬게
잡아 꼭 잡아
여기 내 두 손
절대 놓지 마
나를"
34,반하나,내가 널 기억하는걸,"내가 망친 것 같아 우린 이별인 걸까
나보다 더 많이 날 사랑해준 너
없던 일인 거라 속이질 못해
한순간도 널 잊지를 못해
I ALWAYS BE THE SAME
니가 날 알아볼 수 없어도
I ALWAYS BE THE SAME
내 맘 전해질 수 없대도
I ALWAYS BE THE SAME
내가 널 기억하는 걸
이제야 알게 됐어
니가 내 전부였단 거 말야
너란 사람은 없다 새롭게 시작할까
하루도 못 가던 말뿐인 다짐들
없던 일인 거라 속이질 못해
멍청한 난 널 잊지도 못해
I ALWAYS BE THE SAME
니가 날 알아볼 수 없어도
I ALWAYS BE THE SAME
내 맘 전해질 수 없대도
I ALWAYS BE THE SAME
내가 널 기억하는 걸
이제야 알게 됐어
니가 내 전부였단 거
서로가 전부였던
우리들의 날을 잊지 말아줘
남겨진 나는 너밖에 없어
I ALWAYS BE THE SAME
미안해 내가 더 잘해볼게
I ALWAYS BE THE SAME
한번만 나를 믿어줄래
I ALWAYS BE THE SAME
너만큼 날 아는 사람 없단 걸
난 알게 됐어 니가
내 숨이었단 거 말야"
35,플랏나인,우리 그만 헤어지자,"줄어드는 나의 표현에
늘어가는 너의 상처를
이제는 조금도
신경 쓰지 않아
오고 가는 감정 속에서
항상 뒤돌아 서 있던 나를
보며 넌 어땠을까
그때마다 항상
나와 더 잘해보려
노력했던 너를 난
무슨 마음으로
모질게만 대했을까
내가 뭘 해도
네가 떠나지 않을 걸
알았으니까
끝까지 널 울렸나 봐
작아지는 나의 마음이
커져가는 너의 사랑을
이제는 조금도
위로할 수 없어
네게 했던 서툰 노력과
점점 어색한 나의 표현이
너를 아프게 했어
그때마다 항상
나와 더 잘해보려
노력했던 너를 난
무슨 마음으로
모질게만 대했을까
내가 뭘 해도
네가 떠나지 않을 걸
알았으니까
끝까지 널 울렸나 봐
네가 떠난 자리에 서서
난 너에 대한 생각을 했어
아프겠지만
힘들겠지만
여기까지야
미안해
나와 늘 잘해보려
노력했던 너란 걸
너무 잘 알지만
더 이상은 안되니까
내가 뭘 해도
너는 변하지 않을 걸
알고 있지만
우리 그만 헤어지자
오고 가는 감정 속에서
지친 내가 먼저 너에게
이별을 말했고
너는 또 울었어"
36,초이 (CHOI),"있잖아, 네가 정말 좋아","있잖아 니가 정말 좋아
그냥 모든 게 다
사랑스러워
배고파 우리 뭐 먹지
하다 결국 또 집 앞 쌀국수
우리는 이렇게 또 서로를 마주하며
다가온 하루를 반기고
졸리다 먹으니까
우리 조금만 자고 일어날까
자연스럽게 잠드는 너 와 나
꿈이라고 말하지 말아 줘
꿈을 꾸고 있다 해도
눈뜨면 함께 일 거야
있잖아 니가 정말 좋아
그냥 모든 게 다
사랑스러워
내게 한번 웃어주면
열 번 웃게 되는 신비함도
가끔 토라진 너의 표정을 볼 때면
웃는 얼굴이 보고 싶어
너에게 먼저 다가가 보네
그래 나만 알고 있고
나만 알고 있는 너밖에 모르는 나
원래 어리광도 심해
소녀감성에 외로움을 많이 타네
그래 나만 알고 있는
나밖에 모르는 아이 같은 모습에
난 또 사르르
꿈이라고 말하지 말아 줘
꿈을 꾸고 있다 해도
눈뜨면 함께 일 거야
있잖아 니가 정말 좋아
그냥 모든 게 다
사랑스러워
내게 한번 웃어주면
열 번 웃게 되는 신비함도
가끔 토라진 너의 표정을 볼 때면
웃는 얼굴이 보고 싶어
너에게 먼저 다가가 보네
혼자인 게 익숙해
외로움도 무색해질 때쯤
이젠 함께인 게 자연스러워
고마워 많이 부족한
내 곁에 와준 넌 나의 복이야
있잖아 니가 정말 좋아
그냥 모든 게 다
사랑스러워
내게 한번 웃어주면
열 번 웃게 되는 신비함도
가끔 토라진 너의 표정을 볼 때면
웃는 얼굴이 보고 싶어
너에게 먼저 다가가 보네
그래 나만 알고 있고
나만 알고 있는 너밖에 모르는 나
원래 어리광도 심해
소녀감성에 외로움을 많이 타네
그래 나만 알고 있는
나밖에 모르는 아이 같은 모습에
난 또 사르르"
37,윤언니,끝,"사실은 있잖아
혼자가 외로웠어
그래서 아프도록 날 지웠나봐
지겹도록 너의 손을 붙잡기만한
나의 시간들을 되돌아봐
이제야 생각해보니
사랑한다는 마음이
어쩌면 아니었을까
조금씩 미뤄뒀었던
우리의 마지막시간
그 마저도 나 이제는
견뎌내 보려해
이별이 두려워
부딫히지 못한
그때의 내가 보여서
아직은 그렇게
편하게 웃진않아
그래서 가끔씩은 네 생각이 나
오지않을 너의 연락을 기다리는
나의 모습들이 바보같아
모른척 하고싶은걸
사랑한다는 마음이
어쩌면 아니었을까
조금씩 미뤄뒀었던
우리의 마지막시간
그 마저도 나 이제는
견뎌내 보려해
이별이 두려워
부딫히지 못한
그때의 내가 보여서
이미 지나갔어 누구의
잘못은 없을거야
그냥 우리가 달랐던거야
모든걸 다 알면서도
애써 외면했었어
너무나 빨리 찾아와버린
우리의 마지막 시간
그 마저도 나 이제는
견뎌내 보려해
이별이 두려워
부딫히지 못한
그때의 내가 보여서"
38,김정민,Goodbye My Friend,"워 워 워 워
Good Bye My Friend
언제까지나
너를 지켜줄거야
너를 만난후
알게 되었어
모든 것을
나눌수있는 우정을
누구와도 말하지 못한
슬픔을 함께 했었지
어떤 무엇도
우리 우정을
갈라놓을순 없다고
느꼈던거야
하지만 너의 고백속에서
사랑한 사람이
하나인 걸 알았어
Good Bye My Friend
언제까지나
우리들의
슬픈 사랑을 위해
Good Bye My Friend
언제까지나
너를 지켜줄거야

이젠 널 위해
말하지 못한
내 사랑을 숨긴채
살아가겠지
눈물로
대신 할 수 없었던
아픔을 감추며
떠나야만 하겠지
Good Bye My Friend
언제까지나
우리들의
슬픈 사랑을 위해
Good Bye My Friend
언제까지나
너를 지켜줄거야
멀리 있다 해도 슬퍼하지마
그래도
우리들의 우정은 영원한거야
Good Bye My Friend
언제까지나
우리들의
슬픈 사랑을 위해
Good Bye My Friend
떠나야겠어
너의 사랑을 위해"
39,윤종신,내 사랑 못난이,"누가 예쁜 여자를 마다해
남자라면 누구나 바라지
거리엔 모두 연예인들뿐
미인들 가득한 세상이야
하지만 나에겐 누구나 말리는
못생긴 여자친구 하나 있지
친구들은 그녀에게
첫인사로 인상 좋다 하지
그후에도 친구들은 뻔히
여자친구 있는 내게
소갤받으러 나오라며
내안에 그녈
무시하면서 말을 하지
하지만 아무도 모르고 있지
그녀만이 가진 매력
겉모습만 보며 사냥하듯
여자친구 찾는 너희
내게 그녀는 너무
사랑스럽기만해
남들이 뭐라해도
너희들이나 잘살아보렴
난 행복할테니
미인과 걸어가는 남자들에
표정엔 자부심이 가득하지
친구들과 만나면 으시대지
어디든 여자친굴 대려가지
하지만 나에겐 누구나 말리는
못생긴 여자친구 하나 있지
친구들은 그녀에게
첫인사로 인상좋다하지
그후에도 친구들은 뻔히
여자친구 있는 내게
소갤받으러 나오라며
내안에 그녈
무시하면서 말을 하지
하지만 아무도 모르고 있지
그녀만이 가진 매력
겉모습만 보며 사냥하듯
여자친구 찾는 너희
내게 그녀는 너무
사랑스럽기만해
남들이 뭐라해도
너희들이나 잘살아보렴
하지만 아무도 모르고 있지
그녀만이 가진매력
겉모습만 보며 사냥하듯
여자친구 찾는 너희
내게 그녀는
너무 사랑스럽기만해
남들이 뭐라해도
너희들이나 잘 살아보렴
난 행복할테니"
40,이승환,텅빈 마음,"미련없이 그대를 떠나 보낸
내 마음 속이
오늘은 왜 이리 허전할까요
알 수 없어요
아침에 문득 눈뜨고 바라보니
눈부신 햇살
내 곁에 잠든 건 지나간 추억
너무 허탈해
그대 그 미소 그때 그 마음
되살아나서 날 부르네
두근거리는 내 작은 맘으로
붙잡을 수는 없지만

그대 그 미소 그때 그 마음
되살아나서 날 부르네
난 너를 느끼네 내 텅빈 마음속
그대 그 미소 그때 그 마음
되살아나서 날 부르네
난 너를 느끼네 내 텅빈 마음속"
41,서영은,널 사랑하겠어 (Feat. 서유식),"내 뜨거운 입술이 너의
부드러운 입술에 닿길 원해
이 사랑이 너의 가슴에 전해 지도록
아직도 나의 마음을 모르고 있었다면은
이 세상 그 누구보다 널 사랑하겠어

널 사랑하겠어 언제까지나
널 사랑하겠어 지금 이 순간처럼
이 세상 그 누구보다 널 사랑하겠어

어려운 얘기로 너의
호기심을 자극 할 수도 있어
그 흔한 유희로 이밤을 보낼 수도 있어
하지만 나의 마음은 이제는 알아줬으면 해
이 세상 그 누구보다 널 사랑하겠어

널 사랑하겠어 언제까지나
널 사랑하겠어 지금 이 순간처럼
이 세상 그 누구보다 널 사랑하겠어

널 사랑하겠어 언제까지나
널 사랑하겠어 지금 이 순간처럼
이 세상 그 누구보다 널 사랑하겠어

널 사랑하겠어 언제까지나
널 사랑하겠어 지금 이 순간처럼
이 세상 그 누구보다 널 사랑하겠어"
42,제시 (Jessi),My Romeo,"내 마음을 가로지르는 Stranger
눈을 뗄 수가 없어
닫힌 내 맘에 들려오는 Whisper
살며시 나를 녹여
눈부신 My Destiny
한눈에 난 운명인 걸 알았죠
꿈속의 My Romeo
기다려온 사랑인 걸 느꼈죠
Can you feel my heartbeat
Baby take me take me take me away
어서 내게 와 날 데려가 줘
Baby tell me tell me tell me tonight
기다려왔었던 그 한마디
차가운 눈물이 멈추던 날
그대가 있었죠 내 맘속에
그대 있는 곳이 My paradise
내 곁에 있어줘 영원토록
You are the only one for me
지쳐 무너진 내 어깨 위에
그대 날개를 달고
슬픔이 내리던 세상을 날아
비가 갠 빛 속으로
그대는 My lucky star
마침내 끝날 것 같은 내 한숨
조금 더 Come on closer
그대뿐인 내 사랑 볼 수 있게
I need you here with me
Baby take me take me take me away
어서 내게와 날 데려가 줘
Baby tell me tell me tell me tonight
기다려왔었던 그 한마디
차가운 눈물이 멈추던 날
그대가 있었죠 내 맘속에
그대 있는 곳이 My paradise
내 곁에 있어줘 영원토록
내게 잠시 왔다 가진 마요
꿈꾸는 그곳에 있어 줘요
까만 밤 춤추는 별들처럼
눈부신 사랑을 속삭여요
내 맘에 꽃이 가득 피던 날
그대가 있었죠 꿈결처럼
그대 있는 곳이 My paradise
어떤 것도 대신 할 수 없는
You are the only one for me"
43,손예림,사랑이 다 그렇다면 어쩌겠어,"괜찮아 돌아서도 돼
끝내자 헤어지자는 말을 내게
습관처럼 하곤 했잖아
무덤덤하니 신경 쓰지 말고 가
좋은 사람 돼준다고
말하더니 변해버리네
수고했어 나 때문에 지난날
사랑이 다 그렇다면 어쩌겠어
뭐를 더해 결국엔 아파만 할걸
아무것도 없는 우리 무슨 노력을 해
체념하고 오랜 시간 지나 보면
추억이 돼 있겠지
차갑게 굴던 너라서
괜찮아 상처가 그리 심하진 않아
그래도 좀 서운하네
조금은 날 사랑하는 줄만 알았어
어찌 보면 잘된 거지
무심한 지 오래됐잖아
나 혼자서 애쓴다고 되진 않아
사랑이 다 그렇다면 어쩌겠어
뭐를 더해 결국엔 아파만 할걸
아무것도 없는 우리 무슨 노력을 해
체념하고 오랜 시간 지나 보면
추억이 돼 있겠지
혼자서 긴 시간이어도
새로운 사람으로
너를 대신하진 않을래
사랑이 다 그렇다면 어쩌겠어
뭐를 더해 결국엔 아파만 할걸
아무것도 없는 우리 무슨 노력을 해
체념하고 오랜 시간 지나 보면
추억이 돼 있겠지
그래도 태어나 처음
사랑하는 법을 널 만나 배웠어
어쩌면 지금 너에게 나도
그런 사람으로 남아있다면
난 적어도 후회 없는 사랑을 했어
너와"
44,미교,모든 것이 다 꿈인 건가 봐,"나는 또 무엇을 찾아 헤매는 걸까
멍하니 하루를 또 시작해
내게만 남은 미련 때문일까
아직도 그날의 너를 잊지 못해
어느새 시간이 흘러간 자리엔
커다란 그리움만 남았어
불어오는 바람이 스쳐가듯
두 손에 잡히지가 않아
그때의 너처럼
모든 것이 다 꿈인 건가 봐
우리가 사랑한 날들도
모두 다 사라져 가
이 꿈에서 떠나지 말아 줘
꿈에서라도 내 곁에 있어줘
혹시라도 다시 마주치게 된다면
지금의 넌 행복해 보일까 봐
깨지지 않는 시간 속에 숨어서
나만을 바라보던 너를 계속 붙잡겠지
모든 것이 다 꿈인 건가 봐
우리가 사랑한 날들도
모두 다 사라져 가
이 꿈에서 떠나지 말아 줘
꿈에서라도 내 곁에 있어줘
외로운 달빛 곁에 빛나는 별처럼
너는 매일 밤 내 곁에 머물러
눈을 뜨면 사라지는
지난밤의 꿈처럼
나에게만 선명히
아직 남아있는데
모든 것이 다 꿈이라 해줘
우리가 사랑했던 시간들이
날 숨 쉬게 해
다시 돌아와 나를 꼭 안아줘
오늘 이 밤이 마지막이기를"
45,서태지와 아이들,Good Bye,"지나간 일을 난 오늘
생각해봤지
내겐 아름다웠던
기억들만 생각나
약속되었던 헤어짐을
알면서
너는 그토록 나를 사랑해
주었건만
그런 네곁을 난 오늘
훌쩍 떠나네
마지막 작별의 시간도
못가진채
잊어버려 날 이젠
꿈결같던 시간이
영원할 듯 했지만
이제 남은건 항상 따뜻한
너와 나의 깊은 마음만
널 바라보면 이젠
눈물만 흘러내려
할말이 없어 나는
말뿐이었어
가끔씩 훌쩍 너를
떠났었건만
항상 환한 미소로
나를 맞이 했었지
다시 네곁을 난 오늘
훌쩍 떠나네
아직도 하지못한 말들을
남긴채
용서해줘 날 이젠 꿈결같던
시간이
영원할 듯 했지만
이제 남은건 항상 따뜻한
너와 나의 깊은 마음만
잊어버려 날 이젠 꿈결같던
시간이
깊은 마음만"
46,god,약속(Narration 강경헌),"우리 약속해
다시는 우리 둘이 지금 잡은 이손
이 손 절대로 놓치말길
우리 맹세해
무슨 일 있어도 우리 헤어졌을 때 맘
그 맘 절대로 잊지 말길

사랑을 몰라서 사랑할 줄 몰라서
널 놓칠 뻔 했어
너무나 어려서 중요한 걸 몰라서
널 잃을 뻔 했어

내가 널 도대체 어떻게 다시 안게 됐지
하늘이 왜 내게서 널 완전히 뺏지 않고
다시 한번 내게 이런 소중한 기회를 줬나
왜 우리가 숫자 8자처럼 어긋났다 다시 만나
죽었다 살아 나길 빌며 떠난 사랑인데
다시 또 부활한 이유를 우리는 모르면 안돼
하늘이 더 이상 우리 둘에게 헤메지 말라며
보낸 둘이 영원히 함께 하라는 메세지

우리 약속해
다시는 우리 둘이 지금 잡은 이 손
이 손 절대로 놓치 말길
우리 맹세해
무슨 일 있어도 우린 헤어졌을 때 맘
그 맘 절대로 잊지 말길

다 끝난줄 알았어 정말 무서웠어
난 자신이 없었어
살아갈 자신이 행복해질 자신이
니가 없이는 내가 다시 웃을 자신이

요 어느덧 우리 날 만큼 우리들 사이
조그만 틈 사이로 스며 들었던
작은 아픔들에 깨질번 했던 꿈
그 꿈을 다시 지금 나의 품에 안고 있는
지금 이 기쁨 모든 아픔 긴 슬픔
내 전부를 걸 정도의 기쁨
이제는 내가 잡고 있는 이 손
널 떠나가게 놔 두지않아
내 눈을 보는 사랑스런 미소
이젠 너를 결코 벗어나지 않아
나도 널 보낼 때의 내가 아니야
너의 소중함
이젠 너무나 잘 알아
날 봐 걱정마 (걱정하지 않아) 좋아

우리 약속해
다시는 우리 둘이 지금 잡은 이 손
이 손 절대로 놓치 말길
우리 맹세해
무슨 일 있어도 우린 헤어졌을 때 맘
그 맘 절대로 잊지 말길"
47,KCM,마지막 은영이에게,"많이 속상했었죠 나 때문인걸
어렸다 핑계댈까요
잊을 때도 됐는데 오랜 일인데
왜 이리 눈물이 날까

나빴죠 너무 편했었나 봐 이별을 몰랐었나 봐

내 마음인데 그댈 더 원하네요
그댈 보낸 나를 원망하네요
허나 너란 사람 잠시라도 함께 해줘서
얼마든지 행복하대요

때론 알고 있었죠 그대 아픈걸
미안한 맘도 잠시죠
되려 화를 내던 날 멋대로인 날
왜 그리 아껴줬나요

착하죠 언제나 그랬듯이 여전히 아름답겠지

내 마음인데 그댈 더 원하네요
그댈 보낸 나를 원망하네요
허나 나란 사람 혹시라도 눈물이 라면
얼마든지 잊고 살래요

단 한 가지만 더 바란다면
단 한 번만이라도 나를 떠올려줄래
바람이 잠시 그댈 스칠때 나 다녀갔다고

내 마음인데 그댈 더 원하네요
떠난 그댈 자꾸 내놓라네요
그런 내 마음이 부탁 하나 잊지 않네요
그대 제발 행복하래요
나란 사람 잊고 살아요 -"
48,지아,문자로 이별하는 일,"이별을 문자로 통보했던일
그거 정말 남자답지 못했어
니 생각이 어떻든
난 상처가 됐어
혹시 날 쉽게 생각했니
30분 늦어도 늘 웃어주고
내가 잘때까지 통화해주고
비가 내릴때마다 우산을 씌워준
니가 왜 이렇게 변했니
사랑해 너 없인 못살아
널 사랑해 죽어도 난 못잊어
이제와 붙잡아도 니 옷을 잡아도
넌 뿌리치고 말테지만
사랑해 너밖에 없는데
널 사랑해 나를 떠나가지마
다른 사랑도 못하게 왜 날 가졌니
널 사랑하게 했니
혹시 이거리 넌 기억이 나니
니가 내게 고백했던 그자리
정말 웃기지않니 시작한 곳에서
이제는 끝을 낸다는게
사랑해 너 없인 못살아
널 사랑해 죽어도 난 못잊어
이제와 붙잡아도 니 옷을 잡아도
넌 뿌리치고 말테지만
사랑해 너밖에 없는데
널 사랑해 나를 떠나가지마
다른 사랑도 못하게 왜 날 가졌니
널 사랑하게 했니
감기 걸리면 꼭 약 챙겨먹고
아무리 술이 좋아도 적당히 먹고
어떤 여잘만나도 너무 잘해주지마
나같은 상처주지는 마
언젠가 딴 사랑받아도
그 언젠가 널 잊고 행복해도
너란 남자 때문에 이 상처때문에
누구도 못믿을것 같아
사랑해 눈물이 흘러도
널 사랑해 이젠 곁에 없지만
아름다운 추억만큼 더 아프단걸
정말 넌 모를거야"
49,하동균,좋아보여,"다가오는 따뜻한
온기가 가득하게 남아서
긴 여행의 끝에
집을 찾은 아이처럼
두려움은 사라져
좋아보여
더 웃어줘
언제나 난
단단하게
두려움에서 널 지킬 테니
지금처럼 더 웃어줘
어눌해진 말투에
놀라지 않길 바래
그대여
실감나지 않는
그대라는 꿈 속에선
두려움은 사라져
좋아보여
더 웃어줘
언제나 난
단단하게
두려움에서 널 지킬 테니
지금처럼 더 웃어줘
좋아보여
더 웃어줘
언제나 난
단단하게
두려움에서 널 지킬 테니
지금처럼 더 웃어줘
좋아보여
더 웃어줘
언제나 난
단단하게
두려움에서 널 지킬 테니
지금처럼 더 웃어줘
웃어줘"
50,문명진,말할 수 없는 비밀,"누구에게도 말할 수 없는 비밀
누구나 하나쯤
그런 게 있는 거 잖아
특별할 것도 없는 거라고
말해도 무덤덤한척 해도 아파
이런 나를 사랑 하지마
내 맘이 이런걸 어떡해
너에게 줄 수 있는 건
고작 멈추지 않는 눈물인데
처음 보는 낯선 얼굴로
니 마음에 상처만 줄 나인데
나 혼자만 널
사랑하게 놔두고 간다
외로움조차 오래된 친구같아
익숙해질만 한데
I miss you
이런 나를 사랑 하지마
내 맘이 이런걸 어떡해
너에게 줄 수 있는 건 고작
멈추지 않는 눈물인데
처음 보는 낯선 얼굴로
니 마음에 상처만 줄 나인데
나 혼자만 널 사랑하게해
이런 내게 다가오지마
내 맘이 이런걸 어떡해
아픔이 네게 옮을까
애써 밀어내는 걸 넌 모르겠지만
니가 사랑했던 날 잊고
널 울렸던 나쁜 나만 기억해
사랑한다는 말은 못해도 사랑해"
51,포스트맨(Postmen),참 빨리도 잊는다,"빈 잔이 차올라
다시 네 기억 선명해져
또 생각 안 나길 빌어
네 번호 못 누르게
어쩔 수 없다는 걸 알아
넌 이미 없는 사람
오늘도 술로 채우네
너 없는 빈 자리를
참 빨리도 잊는다
참 빨리도 지운다
우리 함께 했던 사랑한 기억들
마치 아무 일 없었다는 듯이
참 빨리도 잊는다
손 잡고 걸어가며 웃던
네 미소 그 거리에
저리던 팔베개에
잠든 네 얼굴 이 방 안에
참 빨리도 잊는다
참 빨리도 지운다
우리 함께 했던 사랑한 기억들
마치 아무 일 없었다는 듯이
자석처럼 날
끌리게 하던 네 향기도
같이 걷던 저 거리에 남아
날 미치게 하는데
참 빨리도 잊는다
참 빨리도 잊는다
참 빨리도 지운다
우리 함께 했던 사랑한 기억들
마치 아무 일 없었다는 듯이
참 빨리도 잊는다
참 빨리도 지운다
우리 함께 했던 사랑한 기억들
마치 아무 일 없었다는 듯이
참 빨리도 잊는다"
52,어반자카파,아직도 나를 사랑한다면,"노래를 불러요
우릴 헤어지게 만든 그 노래를
이 일만 끝나면 더 잘할 수 있다고
그댈 괴롭히던 그 노래를
불안한 우리가
더 좋은 얘길 만들어 주겠죠
이런 거 싫지만
그댈 더 원하지만
결국 만들었네요 이 노래를
아직도 나를 사랑한다면
혹시 아직 나를 기다리면
전활 걸어줘요
아직도 나를 사랑한다면
혹시 아직 나를 기다리면
아직도 나를 사랑한다면
혹시 아직 나를 기다리면
전활 걸어줘요
아직도 나를 사랑한다면
혹시 아직 나를 기다리면"
53,문성남 (에브리싱글데이),This Life,"이대로 소리 없이 머물러줘 가만히
우연히 함께 있는 것처럼
아무런 향기조차 남아있진 않지만
너무나 길어지는 여운만 남아
아 하아 아아 하아 아아 하아
stay with me
아 하아 아아 하아 아아 하아
come with me
어제와 달라진 건 아무것도 없지만
조금씩 익숙해지고 있어
시간이 멈춰버린 것만 같은 이 순간
저 멀리 깜빡이는 불빛만 남아
아 하아 아아 하아 아아 하아
stay with me
아 하아 아아 하아 아아 하아
come with me
수 많은 시간 속에
스치듯 지나쳐간 나날들
이대로 머물러줘
또 다른 길을 떠나 나 홀로
아 하아 아아 하아 아아 하아
stay with me
아 하아 아아 하아 아아 하아
come with me
이대로 소리 없이 머물러줘 가만히
우연히 함께 있는 것처럼"
54,1041,"우리 그만하자 (With 전상근, suzi)","더는 자신 없어요
이제 잡지 말아요
뒤돌아선 채로
이대로 더 멀어져 갈 수 있게
나 그댈 잊게 우리 그만해요
어떻게 그만하죠
내가 그댈 아는데
차갑게 밀어내고
혼자서 다 견뎌내려는 그대
그런 마음이 사랑인 걸
그대 내 맘을 모르고
사랑을 말하고
사랑에 아파 이별인가요
우린 이제 정말 끝인가요
아마 그대 마음 더 아픈 줄 모르고
지칠 줄 모르고
사랑이 깊어 붙잡으려는
끊어내려는
그대를 어쩌죠
그런 표정 말아요
제발 울지 말아요
그런 그댈 보면
내 맘이 나약해질지 몰라요
그런 마음이 사랑인 걸 알아요
떠나지 마요
그대 내 맘을 모르고 사랑을 말하고
사랑에 아파 이별인가요
우린 이제 정말 끝인가요
아마 그대 마음 더 아픈 줄 모르고
지칠 줄 모르고
사랑이 깊어 붙잡으려는
그대를 어쩌죠
시간이 흘러도 그대뿐인데
그대는 잊을 수 있나요
나는 아니죠 이대로 둘 순 없어요
그대 사랑을 모르고 사랑을 말하고
사랑이 깊어 붙잡으려는
끊어내려는
그대를 어쩌죠"
55,권순관,너에게,"날씨 좋은 날 나갈까
쉴 틈 없이 우리 달려왔었잖아
이제 조금 한숨 돌려도 될까
돌아보면 다 좋았어
가질 수 없는 걸 꼭 붙잡고 있던
나약한 내 마음을 가득 안아줘서
난 너에게 한없이 많이 부족한 사람
이런 나에게 넌 말해줬었지
그냥 이대로 나여도 괜찮다고
네가 있다면 너만 괜찮다면
가파른 길을 함께 걷든지
파도 치는 바다를 건너든지
그건 사랑의 완성의 과정일 뿐
고단한 너의 얼굴엔
가졌던 꿈보다 사랑을 택했던
모든 걸 잃은 듯해도
우린 영원을 얻었네
난 너에게 한없이 많이 부족한 사람
이런 나에게 넌 말해줬었지
그냥 이대로 나여도 괜찮다고
네가 있다면 너만 괜찮다면
가파른 길을 함께 걷든지
파도 치는 바다를 건너든지 그건
사랑의 완성을 향해 가는
과정일 뿐이야
사랑해 사랑해 널
많이 하지 못한 말
미안해 미안해 늘
고마워 고마워 난
이젠 두렵지 않아
함께 걸어가자"
56,육성재 (비투비),사랑은 추억을 닮아서,"사실은 나 용기가 없었던 거야
이런 내 맘 어떻게 표현을 할까
혹시나 네가 날 어색해하는 일
내게 일어날까 봐 두려웠었나 봐
사랑은 추억을 꼭 닮아서
너도 추억이 돼버릴까 봐
자신 있게 너에게 말은 다 못해도
사실은 말야 너를 이렇게 더 사랑해
너의 곁에 멋진 내가 되고 싶어
항상 네가 기대어 쉴 수 있도록
너의 많은 고민 또 많은 바램들
모든 걸 해주고 싶어 들어주고 싶어
사랑은 추억을 꼭 닮아서
너도 추억이 돼버릴까 봐
자신 있게 너에게 말은 다 못해도
사실은 말야 너를 이렇게 더 사랑해
언제나 함께 하고 싶어
그런 너의 남자로
내가 되어볼게
사랑은 너를 많이 닮아서
사랑은 나를 행복하게 해
자신 있게 너를 위한 내가 돼볼게
그 누구보다 너를 사랑할
한 남자로"
57,케이시 (Kassy),날 사랑한 처음의 너로 돌아와,"우리 수많은 사람 속에 스쳐 지나는
사람들 중 하나였다면
서로를 못 본 채로 각자의 길을 따라
살아갈 수 있었는데
지금 내가 아픈 건
누굴 탓해야 하죠
사랑한다
이 말에 나는 여전히
너를 못 떠나 온종일
너의 곁에서 널 또 기다려
이미 끝나버린 사인데
차마 놓을 수가 없어
이대로 사라질까 봐
Lalala lalala 그냥 지나쳐줘요
Lalala lalala 사랑하지 않게
처음 그 순간부터 이미 내 맘은
내 것이 아닌 게 됐어요Umm
시간이 흐를수록 그리움만 커져요
분명 눈 앞에 있는데
행복했던 날들이
점점 희미해져요
사랑한다
이 말에 나는 여전히
너를 못 떠나 온종일
너의 곁에서 널 또 기다려
이미 끝나버린 사인데
차마 놓을 수가 없어
이대로 사라질까 봐
날 사랑한 처음의 너로 돌아와
그때의 너로 안아줘
아직 내가 여기 널 기다려
작은 손짓도 난 괜찮아
짧은 말이라도 난 좋아
이렇게 곁에 있을게
Lalala lalala 그냥 지나쳐줘요
Lalala lalala 사랑하지 않게"
58,Obze (오브제),널 원해,"널 원해 또 원해
이렇게 진심 인적은 없었어
친구들도 처음 보는
모습이래
널 원해 또 원해
네가 날 이렇게 만들었어
아름다운 사람이고
싶어지게
만들었어
참 이상해
너는 왠지 날 다 알 것 같아
어느샌가
내 일부처럼 느껴지는 걸
널 알아갈 시간들이
전부 소중해
널 모르던 시간들이
전부 아파
널 원해 또 원해
이렇게 진심 인적은 없었어
친구들도 처음 보는
모습이래
널 원해 또 원해
네가 날 이렇게 만들었어
아름다운 사람이고
싶어지게
만들었어
내가 하는 생각들이
엉뚱하지만
내가 만든 세상 안에
들어온 너
널 원해 또 원해
이렇게 진심 인적은 없었어
친구들도 처음 보는
모습이래
널 원해 또 원해
네가 날 이렇게 만들었어
누군가의 사람이고
싶어지게
만들었어"
59,민성,우리의 처음을 기억하니,"조금은 어색하게 시작한
우리의 처음을 기억하니
떨려서 어떤 말도 쉽게
할 수 없던 날을 말야
있잖아 나는말야 가끔은
그날이 떠올라서 웃곤 해
모든게 따듯했던
우리의 처음을 기억해
우리의 처음을 기억하니
사랑을 시작했던 그날에 우리말야
너를보며 잘해줄께 했던 약속 말야
우리의 처음을 기억하니
우리 손 잡았던 그 순간들을말야
추억이 될 오늘에도 다가올 내일에도
영원하길 바래
때로는 생각못한 말들에
서로가 아프기도 하고
미안한 마음에 온종일
아무것도 못하곤 했지
모질고 바보같던 난데
불안한 날 잡아준건 언제나 너였잖아
우리의 처음을 기억하니
사랑을 시작했던 그날에 우리 말야
너를보며 잘해줄께 했던 약속말야
변하지 않겠다던
내 약속들을 지켜봐줘
추운날을 지나 새로운 봄이와도
이렇게 몇해가가도
천천히 너의 곁에서
좋은 사람이 되어볼게
우리의 처음을 기억하니
사랑을 시작했던 그날에 우리 말야
너를보며 잘해줄께 했던 약속 말야
우리의 처음을 기억하니
우리 손 잡았던 그 순간들을말야
추억이될 오늘에도 다가올 내일에도
영원하길 바래"
60,리사,With You (Duet. 박효신),"곁에 없을 때도 내 맘에 있었던
고이 있었던 사람은
거기 있는데도
이제는 없다고 없다고
생각하는게 어떻게 됐나요
I believe my time
is here with you
I believe my life
is near with you
나의 마음 깊이 빈틈없이
그대가 있는데

I believe my time
is here with you
I believe my life
is near with you
어딜 보아도 어김없이
그대가 있는데 그대가 있는데
그대만 있는데
Can I fill my life with U

숨을 쉴 때마다 걸음걸음마다
밝혀 눈물이 나지만
죽을 듯 아파도 그대 생각해
그래야 살 것 같은데
어떻게 하나요
I believe my time
is here with you
I believe my life
is near with you
오 나의 마음 함께 할 빈틈없이
그대가 있는데 그대가 있는데
행복해지자고 행복해지자고
울지말자고 헤어졌지만

I believe my time
belongs to you
I believe my life
belongs to you
이별이 비운 시간만큼
더 해야하니까

I believe my all
belongs to you
I believe my heart
belongs to you
눈물에 배운 사랑만큼
잘 할 수 있는데
잘 할 수 있는데
잘 할 수 있도록

Let me fill my life with U"
61,최백호,낭만에 대하여,"궂은 비 내리는 날
그야말로 옛날식 다방에 앉아
도라지 위스키 한 잔에다
짙은 색소폰 소릴 들어보렴
새빨간 립스틱에
나름대로 멋을 부린 마담에게
실없이 던지는 농담 사이로
짙은 색소폰 소릴 들어보렴
이제 와 새삼 이 나이에
실연의 달콤함이야 있겠냐 만은
왠지 한 곳이 비어 있는
내 가슴이
잃어버린 것에 대하여
밤늦은 항구에서
그야말로 연락선 선창가에서
돌아올 사람은 없을지라도
슬픈 뱃고동 소릴 들어보렴
첫사랑 그 소녀는
어디에서 나처럼 늙어갈까
가버린 세월이 서글퍼지는
슬픈 뱃고동 소릴 들어보렴
이제 와 새삼 이 나이에
청춘에 미련이야 있겠냐 만은
왠지 한 곳이 비어 있는
내 가슴에
다시 못 올 것에 대하여
낭만에 대하여"
62,성훈,있어줄게,"우리가 처음 만난 날
그날이 시작이었어
모든 게 달라진 그 날
너는 내 선물이 됐어
내가 바보 같지만
나밖에 몰랐던 내가 나도 처음이라서
마음이 닫혔던 내가
이렇게 변해가나 봐
조금은 믿게 됐는 걸 사랑이란 말을
너와 기억해 줘
허락된 모든 시간을 함께할게
네 앞에 모든 내일에 있어줄게
가끔은 서툴지라도
그마저 추억일 거야
기억은 시들어가도
오늘은 눈부시겠지
내가 바보 같지만
나밖에 몰랐던 내가 나도 처음이라서
마음이 닫혔던 내가
이렇게 변해가나 봐
조금은 믿게 됐는 걸 사랑이란 말을
너와 기억해 줘
허락된 모든 시간을 함께할게
너의 옆에 있어줄게
이제 내 시간은
오직 널 위해 흐른단 걸 기억해줘
왜 난 네 눈을 보면
왜 자꾸 눈물이 날까
그냥 생각만 해도
꿈이라도 믿을 만큼
내 생에 단 한 번뿐인
네가 내 곁에 와줘서 그냥 다 고마워
항상 기억해 줘
네가 걸어갈 기억에 함께할게
네 앞에 모든 순간에 내가 있어줄게
네 모든 슬픔과 기쁨 속에 내가"
63,박효신,내가 사랑한 사람,"너, 나를 모른척해.

잠시 알고 지내던 그저 친구라 말해.

전에, 본것도 같다고,

그런 것 같아서 기억나질 않는다고..

늦기전에, 어서 그에게로 가

혹시, 알아버릴까 내가 불안하잖아.

그래, 난 이걸로 됐어 행복한 니모습

그걸로 난 충분한걸...

돌아가, 어서 그를 안아줘...

많이 서 있잖니 네게 오라면서

괜찮아, 이미 모든 걸 잃은 나에겐

그 모습이라도 내겐 소중한걸 믿을게...



나, 네게 잘한 것 같아.

마치 남인것처럼 그가 생각하잖아.

허나, 그것도 모자라 잊어야 한다면

미안해, 그럴순 없어...



후회돼, 다시 네게 돌아가

그에게 말하고 싶어...사랑한 사람 나라고...

죽어도 넌 아닐 꺼 라고...

돌아가, 어서 그를 안아줘...

많이 서 있잖니 네게 오라하면서

괜찮아, 이미 모든 걸 잃은 나에겐

그 모습이라도 내겐 소중한걸 믿을게..."
64,조관우,다시 내게로 돌아와,"너에겐 그 누구도
어울리지 않아
나없인 아무것도
넌 할 수 없잖아
항상 넌 내것이라
생각했던 이유로
너에게 소흘했었던 거야
몇번쯤인가 이별도 했었지
언제나 그랬던 것처럼
또 다시 만날꺼라
착각을 했었지
이젠 사랑한다는 말로만은
너를 붙잡을 수 없어
또 다른 변명도 이제는
늦었다는 걸 알아
하지만 세상에 어떤
그 누구도 너를
대신 할 수 없어
나에겐 언제나 살아있는
너 하나뿐인걸
모든걸 잊었다고 웃고 있었지
하지만 아무것도
난 할 수 없었어
다른 사람이
나의 곁에 있는 모습을
너라면 바라볼 수 있겠니
몇번쯤인가 이별도 했었지
언제나 그랬던 것처럼
또 다시 만날꺼라
착각을 했었지
이젠 사랑한다는 말로만은
너를 붙잡을 수 없어
또 다른 변명도
이제는 늦었다는 걸 알아
하지만 세상에 어떤 그 누구도
너를 대신 할 수 없어
나에겐 언제나 살아있는
너 하나뿐인걸
너도 알잖니 너없이
살 수 없는
나를 너를 지켜줄께
죽는 그날까지
널 잃고 싶지 않아
다시 내게로 돌아와
사랑한다는 말로만은
너를 붙잡을 수 없어
또 다른 변명도
이제는 늦었다는 걸 알아
세상에 어떤 그 누구도
너를 대신 할 수 없어
나에겐 언제나 살아있는
너 하나뿐인걸
돌아와 줘"
65,태사비애,이 노래를 들으면 (Feat. 수호),"너도 이 노래만 들으면
내가 보고 싶어 질꺼야
노랫말에 너와 내가 있잖아
사랑을 했었고 헤어지고
보고 싶어 하는 게 마치 우리 같잖아
기억하니 우리 함께 했던
그때 니가 좋아하던 노래
내가 불러주던 노래
여전히 이어폰엔 아직도 흐르는데
여전히 거리 위엔 이토록 가득한데
너는 없어
모든 건 그대론데 너만 없어
이 음악은 흐르는데 영원히 함께 듣자
약속했었는데 난 울고 있어
너도 이 노래만 들으면
내가 보고 싶어 질꺼야
노랫말에 너와 내가 있잖아
사랑을 했었고 헤어지고
보고 싶어 하는게 마치 우리 같잖아
티비 쇼에 나오는 익숙한 멜로디
라디오에 흐르는
한편에 슬픈 사연이 마치
너와 내가 했던 이야기 같아
바보같이 난 눈물만 흘렸지만
난 며칠을 참아왔는데 맨날
너와 걷던 거리만 걷게 되는 건데
왜 이 노래만 들으면
난 니가 걱정이 돼
어디선가 너도 눈물을 흘릴 테니까
내가 먼저 헤어지자 해놓고
이 노래를 들으며 울기는
또 왜 우는 건데
이 꼴이 한심해
정말 너랑 헤어지고
모든 게 잘못된 걸 알았으니까
제발 이 노래를 듣고서
니가 돌아오면 좋겠어
노랫말엔 둘이 다시 만나서
사랑 한다고
두 번 다시 헤어지지 말자고
그런 맹세하잖아
너도 이 노래만 들으면
내가 보고 싶어 질 꺼야
노랫말에 너와 내가 있잖아
사랑을 했었고
헤어지고 보고 싶어
하는 게 마치 우리 같잖아"
66,제아,그대 바보,"사랑하지 않는다 그립지 않다
거짓말 내 심장도 모르게
머리가 하는 말
가지 말자 수백 번
고개를 저어도 어느새
내 걸음이 닿는 곳 그대가 있는 곳
그대만 따라가는 바보죠
그대만 고파하는 여자죠
하루도 거르지 않고 쉬지도 않고
내 맘이 다 지쳐도
아파서 도망가는 그대죠
사랑에 겁이 많아서
날 떠나간대요 어떡할까요
벌써 난 그대 바본데
혼자 두면 안되죠 그대라는 사람
한없이 약해빠진 남자라
내가 필요하죠
그대만 따라가는 바보죠
그대만 고파하는 여자죠
하루도 거르지 않고 쉬지도 않고
내 맘이 다 지쳐도
아파서 도망가는 그대죠
사랑에 겁이 많아서
날 떠나간대요 어떡할까요
벌써 난 그대 바본데
우습게 들리겠죠 그래도 상관 없죠
이미 사랑하는데
그대만 찾아가는 바보죠
그대만 기다리는 바보죠
내 가슴 모질지 못해 잊지를 못해
계속 그댈 불러요
하루가 온통 그대뿐이죠
내 가슴 고쳐먹어도
참 미련스럽죠 어쩔 수 없죠
벌써 난 그대 바본걸
그래요 나란 여자 그대 바보에요"
67,중신,내 곁에 있어줘,"의미 없는 하루가 또 지났어
그날 이후로 난 혼자가 된 거야
대답 없는 너를 따라서
떠나가고 싶다고
슬픔 속에 나를 맡겨 버린 채
한없이 눈물을 흘리던 나에게
손을 건넨 너의 마음이
나를 일으켜 줬어
모두가 나를 원망 하여도
넌 언제나
나의 곁을 지켜주었어
너의 사랑이 난 늘 고마워
그런 너를 위해서 다시 살 수 있어
이젠 그대가 나만의 빛이야
나의 곁에 있어줘
모두가 나를 원망 하여도
넌 언제나
나의 곁을 지켜주었어
너의 사랑이 난 늘 고마워
그런 너를 위해서 다시 살 수 있어
이젠 그대가 내 빛이야
나의 곁에 있어줘
나의 곁에 있어줘"
68,오마이걸 (OH MY GIRL),Illusion,"oh love love love
신기한 일이죠 놀라울 거예요
모자에서 하얀 토낄 꺼내거나
조그만 새가 사라지는 것
그건 너무 너무 너무 쉽잖아
yes you know that
나로 인해 너의 세상이
눈 깜짝할 사이 변하게 될 테니
oh 넌 집중하고 숨을 참고
좀 더 좀 더 기대해도 돼요
우리만 알기로 해요
지금부터 보게 될 건
둘만의 비밀인 걸요
내가 좋아하는 네가
나를 좋아하는 그런 건
무엇보다 더 대단하고
엄청난 일이야
어쩌면 사랑이란
me and you
두 사람이 꾸는 꿈
같은 꿈을 나눠 가질 거예요
어쩌면 사랑이란
me and you
보면서도 믿기 힘든 일일 거야
이제 시작하니 잘 봐
놀라울 거예요 그럴 거예요
춤을 추는 우주에 빼곡한 별빛
그 사이를 떠다니는 기분을
알 것 같죠
하늘 위의 고래 바닷속의 구름
더운 날의 흰 눈 그쯤은 돼야죠
사람들이 믿든지 말든지
중요하지 않아
oh 난 너만 눈을 크게 뜨고
내 곁에만 있어 주면 돼요
우리만 알기로 해요
지금부터 보게 될 건
둘만의 비밀인 걸요
내가 바라보는 네가
나를 바라보는 그런 건
무엇보다 더 대단하고
엄청난 일이야
어쩌면 사랑이란
me and you
두 사람이 꾸는 꿈
같은 꿈을 나눠 가질 거예요
어쩌면 사랑이란
me and you
보면서도 믿기 힘든 일일 거야
이제 시작하니 잘 봐
놀라울 거예요
내 주머니 속에서
나올 거에요 say
예쁜 이 상자 속에서
hey 꺼낼 거예요
상상만 했던 모든 게
우리 둘 앞에 선명하게 펼쳐져
어쩌면 사랑이란
me and you
두 사람이 꾸는 꿈
woo 좋은 꿈
같은 꿈을 나눠 가질 거예요
그럴 거예요
어쩌면 사랑이란
me and you
보면서도 믿기 힘든 일일 거야
이제 시작하니 잘 봐
놀라울 거예요
lalalala
신기한 일이죠
사랑이란 건
lalalala
놀라울 거에요
아마 어느새 빠져
헤어 나올 수가 없을 거야
이제 시작하니 잘 봐
놀라울 거에요"
69,임창정,예쁘더라,"어쩐지 오늘 너무 예쁘게 웃더라
그를 사랑한 지 몇 년 만에
처음 고백을 했다고
잘 될 거야 그 사랑
정말 간절했었잖아
하늘이 도와 꼭 그 바램만큼
보답이 있을 거야
난 신경 쓰지마 그 날 이후
너처럼 고백도 네게 못한 걸
니가 내게 어떤 건지
넌 알고 있기에 기다렸을 뿐
이쁘더라 정말 그를 가진 니 모습은
한 번도 못 봤던
그 미소에 나 많이 미안했어
난 신경 쓰지마 그 날 이후
누구처럼 그저 난 친구인 걸
내게 너는 어떤 건지
난 알고 있기에 기다릴 뿐
너처럼 그 날처럼
네게 고백할 수 있었지만
혹시 널 놓친다면
영원히 널 기다릴 수도 없잖아
그래서 기다렸던 거야
난 신경 쓰지마 그 날 이후
너처럼 고백도 네게 못한 걸
니가 내게 어떤 건지
넌 알고 있기에 기다렸을 뿐
난 신경 쓰지마 그 날 이후
누구처럼 그저 난 친구인 걸
내게 너는 어떤 건지
난 알고 있기에 기다릴 뿐"
70,그_냥,혼자서,"오늘도 어김없이
내 앞에 그대는
다른 곳을 보네요
하루에도 몇 번씩
그대 표정 하나에
마음이 내려앉아요
분명 그대는 여전히
내 옆을 걷고 있는데
외로운 마음이 드는 건 왜일까요
내가 그대를 놓아버리면
정말 끝날 것만 같아서
오늘도 그대를 이해하려 해요
혼자서 사랑을 하고
혼자서 이별을 하죠
나만 이렇게 아프단 게
나를 더 힘들게 해요
이미 그대 마음속에는
내가 들어갈 자리가 없겠지만
어쩔 수 없나 봐요
내가 그대를 더 사랑하니까
보고 싶다는 말도
사랑한다는 그 말도
진심이 아니라는 걸 잘 알지만
나는 그대 곁에 있는 것
그것만으로 행복해서
오늘도 그대를 이해하려 해요
혼자서 사랑을 하고
혼자서 이별을 하죠
나만 이렇게 아프단 게
나를 더 힘들게 해요
이미 그대 마음속에는
내가 들어갈 자리가 없겠지만
어쩔 수 없나 봐요
내가 그대를 더
혼자서 사랑을 하고
혼자서 이별을 하죠
나만 이렇게 아프단 게
나를 더 힘들게 해요
이런 내가 바보 같아서
이제는 놓아보려고 애써봐도
어쩔 수 없나 봐요
내가 그대를 더 사랑하니까
그대를 많이 사랑하니까"
71,닐로(Nilo),곁,"너의 하룰 묻고서 나의 하룰 얘기하는 일
평범하게 오가는 말들이
특별할 것도 없는 어제와 같은 오늘인데
너의 곁에선 매일 새로워져
그저 난 널 바라볼 때면 아무 생각 없이
웃음이 나고 점점 너에게 물들어
하나둘씩 쌓여만 가는 예쁜 너의 모습을
영원토록 간직하고 싶어
매일 너와 같은 생각을 하고
함께 걸어가는 길
사소한 모든 것들이 꿈만 같아
밤하늘의 반짝이는 별처럼
늘 그 자리에서
변함없이 내 맘 담아서 너를 비춰줄게
너와 함께 길을 걸으면
주위에 모든 게 보이지 않아
너 하나만 가득해서
하루하루 커져만 가는
너에게 난 한없이 내 모든 걸
전부 주고 싶어
매일 너와 같은 생각을 하고
함께 걸어가는 길
사소한 모든 것들이 꿈만 같아
밤하늘의 반짝이는 별처럼
늘 그 자리에서
변함없이 내 맘 담아서
너를 비춰줄게
가끔은 이 순간 이 모든 게
믿기질 않아
기적보다 더 기적 같은 세상을
알려준 너에게
고마워 너를 사랑할 수 있는 건
내겐 그 무엇보다
가장 큰 행복인 걸 너는 알까
밤하늘 반짝이는 별처럼
늘 그 자리에서
변함없이 내 맘 담아서 너를 비춰줄게
비록 부족한 나이지만
오직 하나 너의 곁에서"
72,포맨 (4MEN),벼랑 끝에 너를 만나,"아무런 이유를 찾지 못했지
널 만나기 전 난 혼자였지
늘 그랬었지
서툰 기대조차 내겐 사치니까
널 만나기 전 난 바보였지
늘 그랬었지
혼자서 걸어온 이 길 끝에
아주 작은 빛이 나를 밝혀
길었던 어둠이 걷혀가고
흐릿하게나마 너를 봤지
난 달려가 Ring Ring Ring
너의 품에 꼭 안겨 Ring Ring Ring
놓지 말아줘 Ring Ring Ring
Hold on Hold on Ring Ring Ring
아무도 없을까 봐 Ring Ring Ring
다시 또 갇힐까 봐 Ring Ring Ring
너무 두려워 Ring Ring Ring
Hold me Hold me Ring Ring Ring
이제야 너를 만나
잊고 싶지 않아 어둡던 지난날
널 만나기 전 난 혼자였지
늘 그랬었지
잃고 싶지 않아 따뜻한 지금 이 순간
널 만나기 전 봄이 없었지 그랬었지
혼자서 걸어온 이 길 끝에
아주 작은 빛이 나를 밝혀
거셌던 바람이 걷혀 가고
난 흐릿하게나마 너를 봤지
Ring Ring Ring
너의 품에 꼭 안겨 Ring Ring Ring
놓지 말아줘 Ring Ring Ring
Hold on Hold on Ring Ring Ring
아무도 없을까 봐 Ring Ring Ring
다시 또 갇힐까 봐 Ring Ring Ring
너무 두려워 Ring Ring Ring
Hold me Hold me Ring Ring Ring
이제야 너를 만나
소중한 건 언제나 마지막에 오는 것
소중한 건 언제나
벼랑 끝에 서 있던 나
마지막에 오는 것 소중한 건
소중한 건 언제나
내 곁에만 내 곁에만 머물러줘
마지막에 오는 것 사랑보다 귀한
내겐 가장 소중한 건 너뿐인걸
Ring Ring Ring Ring Ring Ring
놓지 말아줘 Ring Ring Ring
Hold on Hold on Ring Ring Ring
아무도 없을까 봐 Ring Ring Ring
다시 또 갇힐까 봐 Ring Ring Ring
너무 두려워 Ring Ring Ring
Hold me Hold me Ring Ring Ring
이제야 너를 만나
Ring Ring Ring
너의 품에 꼭 안겨 Ring Ring Ring
놓지 말아줘 Ring Ring Ring
Hold on Hold on Ring Ring Ring
이제야 너를 만나
Ring Ring Ring
Ring Ring Ring 너무 두려워
Ring Ring Ring Hold me Hold me
Ring Ring Ring 이제야 너를 만나"
73,"박광현, 김건모",함께,"우리 기억속엔 늘 아픔이 묻어 있었지

무엇이 너와 나에게 상처를 주는지

주는 그대로 받아야만 했던 날들

그럴수록 사랑을 내세웠지

우리 힘들지만 함께 걷고 있었다는 것

그 어떤 기쁨과도 바꿀수는 없지

복잡한 세상을 해결할 수 없다해도

언젠가는 좋 은 날이 다가 올 거야

살아간다는 건 이런게 아니겠니

함께 숨쉬는 마음이 있다는 것

그것 만큼 든든한 벽은 없을 것 같아

그 수많은 시련을 이겨내기 위해서





우리 힘들지만 함께 걷고 있었다는 것

그 어떤 기쁨과도 바꿀수는 없지

복잡한 세상을 해결할 수 없다해도

언젠가는 좋 은 날이 찾아올 거야

살아간다는 건 이런게 아니겠니

함께 숨쉬는 마음이 있다는 것

그것 만큼 든든한 벽은 없을 것 같아

그 수많은 시련을 이겨내기 위해서

울고 싶었던적 얼마나 많았었니

너를 보면서 참아야 했었을 때

난 비로소 강해진 나를 볼 수 있었어

함께하는 사랑이 그 렇게 만든거야





살아간다는 건 이런게 아니겠니

함께 숨쉬는 마음이 있다는 것

그것 만큼 든든한 벽은 없을 것 같아

그 수많은 시련을 이겨내기 위해서"
74,김범수,Memory,"my love 어젯밤 꿈속에
그댄 결혼을 했죠
내가 아닌 다른 남자와
함께 웃고 있었죠

이 밤 온종일 걸었죠
혹시 널 마주칠까봐
우연처럼 너를 만나서
힘껏 안고 싶어서

기억하나요 우리 사랑을
그땐 서로의 아픔을 함께 했었죠
이젠 무엇도 남아있지 않지만
하얀 눈내리던 그날의 입맞춤을 기억해요

기억하나요 우리 사랑을
그땐 서로의 아픔을 함께 했었죠
이젠 무"
75,소심한 오빠들,이별맛집 (Feat. 볼빨간사춘기),"오늘 우연히 들렀어 그 집
그러고 보니 우리
참 많이도 찾아다녔다
가는 동네 집집마다 우리
같이 꼭 붙어 먹던
그 음식 추억들 뿐인데
안녕하세요 아주머니
오랜만이죠 잘 계셨죠
오늘은 그냥 친구랑 왔어요
아니예요 헤어진건 아니예요
먹는데 자꾸 눈물이 나요
목으로 넘어가질 않아요
오늘은 정말 친구랑 온거예요
다음에 꼭 같이 올게요 우리
하나 변한 게 없어서 괜히
속상하더라 우린 이렇게
많이 변했는데
안녕하세요 아주머니
오랜만이죠 잘 계셨죠
오늘은 그냥 친구랑 왔어요
아니예요 헤어진건 아니예요
먹는데 자꾸 눈물이 나요
목으로 넘어가질 않아요
오늘은 정말 친구랑 온거예요
다음에 꼭 같이 올게요 우리
숙대 앞 낡은 껍데기집
흑석동 곱창집 아저씨도
여전히 널 여전히 날
또렷히도 아시더라
네가 좋아했던 떡볶이집
우리가 항상 먹던 팥빵집
한번쯤 그냥 이렇게
와보고 싶었어
모든게 선명해서
먹는데 자꾸 눈물이 나서
목으로 넘어가질 않았어
오늘은 그냥 친구랑
온거라고 했어
꼭 다시 오겠다고 너랑"
76,다비치,PET,"잘됐지 뭐
그저 너만 바라보기엔
사랑할 게 너무 많아서
바람은 따뜻한 걸
너의 입김보다 더
뭐 허전한 맘쯤
가득 담은 한잔 커피면
괜찮아 조금 쓰지만
미운 네 모습보다
충분히 달콤하니까
I'm fine 이런 느낌
사과할게
미안 너 없이도
행복해서
잘됐지 뭐
외롭기 싫어 널 만난 나
똑같이 외롭다면 난
왜 널 기다리면서
애를 태워 내가 왜
뭐가 모자라서
그저 기다리는 사랑을
더는 할 수 없어 떠나 난
그래도 기억해줘
난 너뿐이었단 걸
너만 기다리던 나는 없어
기분 좋은 오늘 이후로
난 나와 사랑을 나눌게
너와 걷던 이곳에서
어쩌면 날 닮은
사랑이 날 찾아올지도
모른다는 예감을 만나
함께 걷고 싶은 걸
I'm fine 이런 느낌
사과할게
미안 너 없이도
행복해서
잘됐지 뭐
외롭기 싫어 널 만난 나
똑같이 외롭다면 난
왜 널 기다리면서
애를 태워 내가 왜
뭐가 모자라서
그저 기다리는 사랑을
더는 할 수 없어 떠나 난
그래도 기억해줘
난 너뿐이었단 걸
네가 돌아오기만
기다리던 PET 같은
그런 나는 더 이상
거기 없어 미안해
네가 돌아오기만
기다리던 PET 같은
그런 나는 더 이상
거기 없어 미안해
네가 돌아오기만
기다리던 PET 같은
그런 나는 더 이상
거기 없어 미안해"
77,이승윤,정말 다행이군,"좋은 아침이란 말 대신
고된 하루라는 말로
우린 아침인사를
대신 하곤 하지
고된 나날들을 함께
빈정거리면서 낄낄대고
시시콜콜한 헛소리를
진지하게 할 수 있어서
정말 다행이군
정말 다행이야
정말로 다행이군
너와 내가 우리라서
길을 걷다가 햇살이
자꾸만 나를 째려봐서
나도 같이 노려보다가
눈물이 핑하고 돌았네
그런데 눈이 팅팅 부은
너는 나를 보고선 웃어
나도 그런 너를 보고선
웃음이 터져버렸네
정말 다행이군
정말 다행이야
정말로 다행이군
너와 내가 우리라서
정말 다행이군
정말 다행이야
정말로 다행이군
너와 내가 우리라서
정말 다행이군
정말 다행이야
정말로 다행이군
너와 내가 우리라서"
78,윤종신,너에게 간다,"내가 지금 숨이 차오는 건
빠르게 뛰는 이유만은 아냐
너를 보게 되기에 그리움 끝나기에
나의 많은 약속들 가운데
이렇게 갑자기 찾아 들었고
며칠 밤이 길었던 약속 같지 않은 기적
너와 헤어짐에 자신했던
세월이란 믿음은
나에게만은 거꾸로 흘러
너를 가장 사랑했던 그때로
나를 데려가서
멈춰있는 추억 속을 맴돌게 했지
단 한 번 그냥 무심한 인사였어도 좋아
수화기 너의 목소리 그 하나만으로도
너에게 간다 다신 없을 것 같았던 길
문을 열면 네가 보일까
흐르는 땀 숨 고른 뒤
살며시 문을 밀어본다
너의 갑작스런 전화 속에
침착할 수 없었던
내 어설펐던 태연함 속엔
하고픈 말 뒤섞인 채
보고 싶단 말도 못하고
반가움 억누르던 나 너를 향한다
단 한 번 그냥 무심한 인사였어도 좋아
수화기 너의 목소리 그 하나만으로도
너에게 간다 다신 없을 것 같았던 길
문을 열면 네가 보일까
숨 고른 뒤 살며시 문을 밀어본다"
79,최우식,품 (Feat. 픽보이 (Peakboy)),"늘 곁에 머물던 것처럼
항상 그 자리에서 또 있어준 너
무색한 시간이 흐르고
생각보다 멀리
뛰어온 것 같아
가끔은 지치고 부서질 것 같아
견딜 수 있던 건
그 시간 속에
너와의 추억
네 품처럼
변하지 않는
그 따스함에
오늘도 날 녹여줘
지친 하루 끝에
작은 선물처럼
언제나 찾아올게
가야 하는 길이
험할지도 몰라
초라한 나를 안고 지쳐 잠이 들고
그런 날 위로해 준 건
내 상처 뒤에
안아준 포근한 손길
네 품처럼
변하지 않는
그 따스함에
오늘도 날 녹여줘
지친 하루 끝에
작은 선물처럼
언제나 찾아올게
괜찮아 걱정 마
괜찮아 걱정 마
내가 곁에 있잖아
내가 옆에 있잖아
늘 받았던 것처럼 이제 네가 될게
누군가가 널 등 돌려도
널 감싸줄게
내 품처럼
변하지 않는
그 따스함에
오늘도 널 지켜줘
네가 눈을 뜰 때
계절이 흘러도
여기에 언제나
서있을게"
80,제휘,Holiday,"발 디딜 곳 없는 방
숨 쉴 곳은 창문 틈
전구 불빛에 날리는 먼지뿐
아주 아늑히 떨어지네
지치지도 않는 비
쏟아내면 또 다시
널어 둔 마음 걷으러 가면서
흠뻑 적신다 천천히 잠긴다
잎새 사이로 작은 배
하나 있어 Holiday
두 팔을 벌려 바람길을 따라 흘러가네
잎새 사이로 작은 배와 나
it’s a Holiday
두 팔을 벌려 바람길을 따라 흘러가네
늘 잠도 오지 않는 밤
전화기와 a glass of wine
숫자와 탱고 비밀 chasing the light
풀 수 없는 문제 이 밤이 가도록
비척걸음에 닳아
없어진 밑창 holiday
더는 상영하지 않는
영화 포스터를 보다가
오랜 기다림 다소
촌스러운 컬러 holiday
내 걸음걸이와는 결이 달라
time to call it a day
내친걸음에 달려 늦어진 도착 holiday
너를 아직 기억해
it's 24th summer night
나도 모르게 지난 얼굴조차 잊은 체
두 팔을 벌려 바람길에
몸을 맡긴 holiday"
81,고은성,가을 타나 봐,"Baby I'm lonely lonely lonely lonely
추억은 Falling falling falling falling
계절은 돌고 돌아 돌아오는데
사랑은 돌고 돌아 떠나버리고
추억을 돌고 돌아 멈춰 서있는
다시 그 계절이 왔나 봐
나 가을 타나 봐
니가 그리워진 이 밤 나 혼자 널
기다리나 봐
나 가을 타나 봐
니가 불어오는 이 밤 나 혼자서
가을 타나 봐
Baby I'm lonely lonely lonely lonely
추억은 Falling falling falling falling
아무리 멀리 멀리 떠나 보내도
돌아오는 난 가을 타나 봐
내 곁을 스쳐가는 많은 사람들
뭘 해도 채워지지 않는 시간들
아무리 잊어 봐도 짙어져 가는
외로운 계절이 왔나 봐
나 가을 타나 봐 니가 그리워진 이 밤
나 혼자 널 기다리나 봐
나 가을 타나 봐 니가 불어오는 이 밤
나 혼자서 가을 타나 봐
Baby I'm lonely lonely lonely lonely
추억은 Falling falling falling falling
아무리 멀리 멀리 떠나 보내도
돌아오는 난 가을 타나 봐
You're always breathing in my mind
가슴 한구석이 시려와
Baby I'm missing you every night
니가 그리워
나 외로웠나 봐 니가 없는 이 거리에
나 혼자 널 서성이나 봐
나 괴로운가 봐 봐 너를 보내놓고
아직 나 혼자 널 사랑하나 봐
아직인가 봐
사랑하나 봐
니가 날 떠나가던 시린
이 계절이 돌아오면 가을 타나 봐
그리운가 봐 가을 타나 봐"
82,조장혁,손톱만큼,"다시 사랑할 수 있을까 그대밖에 모르던 내가
내 맘처럼 정말 아파해 줄 한사람 가질 수 있을까
다시 행복할 수 있다고 나만 바라보던 그대가 나보다 더 그댈 또 아껴줄 한 사람 만나게 될까요
어려워 아마 눈물 나겠죠 추억이 그때 뿐이 였기에 시간에 아픈 상처 아문 뒤에도 그댄 왜 내 안에 있는지
매일 손톱 만큼 자라나는 그리움이 깊어 사랑할 수 없죠 그대가 준 추억보다 난 다시 행복할 수 없으니.. 이별도 내겐 사랑이라서 슬픔도 버틸 기억이라서 그대를 닮은 뒷모습만 스쳐도 아픈 바보같은 나라서
매일 손톱만큼 자라나는 그리움이 깊어 사랑할 수 없죠 그대가 준 추억보다 난 다시 행복할 수 없으니..
매일 손톱만큼 자라나는 그리움이 깊어 사랑할 수 없죠
보고 싶어 보고 싶어.. 그대 없이 그댈 사랑해..그대 없이 그댈 사랑해"
83,럼블피쉬,남잔 다 그래,"아닌가봐요 아닌가봐요
내가 사랑한 사람이 아닌가봐요
그런가봐요 세상 모든 사람이
그대처럼 보이나봐요
나만 아픈 건가요 그댄 괜찮은가 봐요
다른 사랑에 바쁜 건가요
너무 하잖아요
나만 사랑하던 남자라서
나만 바라보던 남자라서
그게 좋았었는데 난 정말 행복했는데
이젠 나와 상관 없잖아요
처음처럼 날 모르던 남이잖아요
미워해도 늦었나봐요 어떡하죠

남잔 다 그런가요
그리 쉬운 건가 봐요
거짓말처럼 지워지나요 너무 하잖아요
나만 사랑하던 남자라서
나만 바라보던 남자라서
그게 좋았었는데 난 정말 행복했는데
이젠 나와 상관 없잖아요
처음처럼 날 모르던 남이잖아요
미워해도 늦었나 봐요 어떡하죠
그댄 나 없이도 살 수 있나요
난 자신없는데 그대가 전분데
사랑하면 안될 단 한사람
사랑하긴 너무 늦은 사람
정말 못됐잖아요 그렇게 가면 단가요
이젠 나와 상관 없잖아요
처음처럼 날 모르던 남이잖아요
미워해도 늦었나봐요 어떡하죠"
84,V.O.S,큰일이다,"내 맘 들킬까봐 훤히 보일까 봐서
애써 관심도 없는 척해
그저 장난처럼 괜히 던지는 말
난 너 여자로 안보여
한참을 멍하니 너의 옆모습 바라보다
눈이 마주칠 때면 딴청 부리는 날 알까
정말 큰일이다 자꾸만 보고 싶어서
매일 니 생각만 나서
아무 일도 할 수 없는데
정말 큰일이다 이러다 죽을 것 같은데
너무 가슴이 아픈데
난 어쩌라고 넌 어쩌자고
이토록 사랑하게 해

혹시 피할까봐 부담 가질까 봐서
다가서기가 두려워져
마주 보는 일도 곁에 서는 일도
어색해지면 어떡해
차라리 나 혼자 오래 마음껏 바라볼게
슬픈 이별 같은 건 하지 않아도 되니까
정말 큰일이다 자꾸만 보고 싶어서
매일 니 생각만 나서
아무 일도 할 수 없는데
정말 큰일이다 이러다 죽을 것 같은데
너무 가슴이 아픈데
난 어쩌라고 넌 어쩌자고
이토록 사랑하게 해
기적이라도 일어나
나를 한번만 사랑해 주면 안되니

정말 다행이다 나 먼저 널 사랑해서
나만 널 그리워해서
이렇게도 힘든 일인데
정말 다행이다 아프지 않아도 되니까
너는 울일 없으니까
그래 그렇게 넌 웃기만 해
나만 혼자 아프면 돼"
85,먼데이 키즈 (Monday Kiz),고장난 열차 (Feat. 쥬비트레인 Of 부가킹즈),"매일 방황 하는 나의 하루는
갈 곳을 잃어 해매여 가고
나를 찾지 않는 너의 걸음은
점점 나를 녹슬게 만해
다가가도 닿을 수 없는 사람아
언제까지 이별인건지
너를 잊으려해도 익숙해진
내 가슴은 고장난 열차처럼
막을 방법이 없어
가슴 아픈 사랑아 날 버린 사람아
그만 여기서 날 내려주겠니
바람 부는 날이면
눈물 나는 날이면
니 곁에 머물고 싶어
빌어먹을 깊은 한숨끝에
흐르는 쓰디쓴 눈물로 심각히 녹이 슨
심장박동 기능저하
수반 break가 고장 난 이별의 편도 열차
무작정 전속력으로 직진해 직진
두 눈을 꼭 감고 나 미친 척
빗길 속 위험한 질주 내 전부가 사라진 후
우연히 널 한번은 마주치기를
버릇처럼 그곳으로가
이젠 너만의 향기
어디도 찾을 수 없어
멍하니 이곳에서
너의 이름만 불러
가슴 아픈 사랑아
날 버린 사람아
그만 여기서 날 내려주겠니
바람 부는 날이면
눈물 나는 날이면
니 곁에 머물고 싶어
세월 지나가면 알아주기를
너를 이토록 원한다는 걸
너는 나의 전부야
이 세상 너뿐이야
너 없이 나는 살수가 없어
텅빈 가슴이 아파 쓰린 가슴이
아파 사랑은 너 하나니까
가슴 아픈 사랑아 날 버린 사람아
그만 여기서 날 내려주겠니
오늘 같은 날이면 니가 그리워지면
영원히 안기고 싶어"
86,김연우,더 가까이,"불안했던 마음 지친 발걸음
내 앞만 보고 살아온 거야
상처 입은 가슴 열어볼 용기가
없어서 너를 지나치지만
그럴수록 가슴에 쌓여가는 나
하지 못한 말들 하고 싶은 말들
가까이 더 가까이 니 곁에서
오랫동안 지켜주고 싶어
언젠가 잃어버린 설레임을
내 마음에 다시 찾아준 사람
느려지는 마음 편한 발걸음
너를 볼 때면 느낄 수 있어
지난 눈물조차 닦아줄 것 같은
니 손은 으음 내게 따스함을 줘
너를 보면 자꾸만 늘어가는
다 주고 싶은 마음
더 주고 싶은 마음
가까이 더 가까이 니 곁에서
오랫동안 지켜주고 싶어
언젠가 잃어버린 설레임을 찾게
해준 니가 고마울 뿐야
이제 알게 된 거야 이 맘
내려놓을 곳 너란 걸
가까이 더 가까이 내 모든 걸
더 뜨겁게 안아줄 수 있니
언젠가 잃어버린 사랑이란
그 말들을 다시 알게 한 사람
더 가까이 와줄래"
87,먼데이 키즈 (Monday Kiz),차가운 커피,"달콤했던 사랑이 차갑게 변해
따스하던 커피가 식어가 듯이
멍하니 난 추억을 뒤적여 봐도
쓰디쓴 내 현실은 이별을 말해
너의 손을 잡고 쓰던 우산도 없이
빗속을 난 걷다가 또 멈춰서 있어
나의 뺨에 흐르는 내 뜨거운 눈물
미칠것같아
정말 넌 떠나갔나봐 워
Bye Bye my love
이젠 널 지워야해 아파도
입술을 깨물고 널 보낼께
Bye Bye my love
정말 널 보내야해 슬퍼도
두눈을 꼭감고 널 잊을께
무너지는 가슴에 또 흐르는 눈물
믿을수없어
정말 너 떠나간거니 Far away
Broken my love
Broken my love
Broken my love
고장나버린
Broken my love
Broken my love
한숨만 고여
나의 뺨에 흐르는 내 뜨거운 눈물
미칠것같아
정말 넌 떠나갔나봐 워
Bye Bye my love
이젠 널 지워야해 아파도
입술을 깨물고 널 보낼께
Bye Bye my love
정말 널 보내야해 슬퍼도
두눈을 꼭감고 널 잊을께
Bye Bye my love
이젠 널 지워야해 아파도
입술을 깨물고 널 보낼께
Bye Bye my love
정말 널 보내야해 슬퍼도
두눈을 꼭감고 널 잊을께
무너지는 가슴에 또 흐르는 눈물
믿을수없어
정말 너 떠나간거니 Far away
Broken my love
Broken my love
Broken my love
Broken my love
Broken my love
Broken my love
Broken my love
Broken my love
Broken my love
Broken my love"
88,김연지,두눈에. 두볼에. 가슴에 (In My Eyes),"그대는 아나요 눈물이
하는말 내 두볼에 흐르는
사랑을
내 가슴에 남긴 사랑을 낡은
서랍 속에 담지 말아요
어제처럼 그리워 하다가
또 울다 지쳐서 잠이드네요
언제까지 난 이렇게 아파할까요
두 눈에 그대가 두볼에 그대가
가슴에 그대가 흘러내려요
눈물이 돼버린 사람 눈물로
남겨진 사람 지울수록 더
번지는 사람
그대는 아나요
어제처럼 그리워 하다가
또 울다 지쳐서 잠이드네요
이젠 그 흔한 꿈마저 두려워져요
두 눈에 그대가 두볼에 그대가
가슴에 그대가 흘러내려요
눈물이 돼버린 사람 눈물로
남겨진 사람 지울수록 더
번지는 사람
그대는 아나요
말을 하면 두번다시 못볼까봐
속으로만 사랑한다 말을 하죠
이맘을 알까요 내맘을 알까요
그댄 모른대도 곁에만 있어요
눈물이 돼버린 사람 눈물로
남겨진 사람 지울수록 더
번지는 사람
그대는 아나요"
89,앤씨아,밤바람,"참 많은 사람 참 많은 상처
끄지 못할 잡음들
어쩔 땐 빨리 어쩔 땐 느리게 가는
시간이 원망스러웠지 넌
샤워를 마치고
맥주 한 캔 하고 싶다면
찾아갈게 너에게
나 그대 지친 하루 속
너를 감싸 주는 밤바람처럼 네 옆에
말로는 아무렇지 않을 너를 위해
찾아가고 싶어
밤바람
밤바람처럼 네게 가고 싶어
너의 하루의 끝에서
밤바람처럼 너를 미소 짓게 할게
이어폰을 끼고 사람들 사이에 섞여
음소거를 하겠지
혼자인 것 같겠지
외로운 긴 밤을 또 보내겠지 넌
아무렇지 않은 척
또 하루를 웃어넘길 네게
찾아갈게 지금 나
나 그대 지친 하루 속
너를 감싸 주는 밤바람처럼 네 옆에
말로는 아무렇지 않을 너를 위해
찾아가고 싶어
밤바람
밤바람처럼 네게 가고 싶어
너의 하루의 끝에서
밤바람처럼 너를 미소 짓게 할게
불어줄게 안아줄게
오늘 하루도 수고했어 정말
Ha ah Ha ah
이렇게
Ha ah Ha ah
너의 지친 마음 속
너를 감싸 줄 수 있는 사람이
내가 됐으면 해
말로는 내색조차 않을 너를 위해
밤바람처럼 찾아갈게"
90,권순일 (어반자카파),변한 걸까 (With 권진아),"변한 걸까
자꾸 사소한 일에 서운해하고
별거 아닌 일에 신경질 내고
변한 걸까
그렇게 우리도 변한 걸까
변한 걸까
예전에 없던 단점만 보이고
서로 말수도 점점 줄어가고
변한 걸까
그렇게 우리도 변한 걸까
정말 아무런 걱정 없었던 우리가
서로를 너무도 위했던 우리가
서로를 너무도 원했던 우리가
그렇게도
너무도 사랑했었던 우리가
그렇게 우리도
변한 걸까
왠지 모를 의무감에 연락을 하고
언제부턴가 서로 책임만 묻고
변한 걸까
그렇게 우리도 변한 걸까
정말 아무런 걱정 없었던 우리가
서로를 너무도 위했던 우리가
서로를 너무도 원했던 우리가
그렇게도
너무도 사랑했었던 우리가
그렇게 우리도
그렇게도
너무도 사랑했었던 우리가
예뻤던 그 마음도"
91,하동균,그냥 나를 버려요,"그런 아픈 눈으로
날 바라보지 말아 줘요
그럼 난 어떻게 하죠
그냥 모른 척해요
이런 무너진 내 모습
너에겐 보이기 싫어
알아요 날 위했던
그대의 마음이란 걸
바보 같지만 내게 남은 건
자존심뿐이에요
그 위로는 날 더욱더 괴롭게만 해
멀어지는 그댈 보며
붙잡고 싶은 마음뿐이지만
그냥 나를 지나쳐요
멍하니 있을 때면
자꾸 그대가 떠오르죠
이럴 땐 어떻게 하죠
바보처럼 나는 또
오해를 했었나 봐요
서투른 내가 밉네요
알아요 날 위했던
그대의 마음이란 걸
바보 같지만 내게 남은 건
자존심뿐이에요
그 위로는 날 더욱 괴롭게만 해
멀어지는 그댈 보며
붙잡고 싶은 마음뿐이지만
그냥 나를 떠나가요
네가 없는 밤 가슴 한 켠이
전부 사라진 것 같아
바보 같은 미련만 남아
서글픈 눈물만 내려온다
네가 그리워서
알아요 날 위했던
그대의 마음이란 걸
바보 같지만 내게 남은 건
자존심뿐이에요
그 위로는 날 더욱더 괴롭게만 해
그냥 나를 버려요"
92,양다일,High,"I hope you think of me high
I hope you think of me highly
When you're with someone else
I know your friends all lie
I know your friends don't like me
They want you for themselves
Today I called to tell you
that I'm changing
But I don't think you have
enough respect to see me try
I've been waking up
in different spaces
And I think that my heart is
built to last more than a night
I need to stop letting me down
down down down down
I need to stop letting me down
down down down down
I hope you think of me high
I hope you think of me highly
When you're with someone else
I know your friends all lie
I know your friends don't like me
They want you for themselves
I know I'll never meet
your expectations Ah ah
But the picture that you paint
of me looks better in your mind
Now every step I take
with hesitation Ah ah
And I'll always miss the
memories of the mornings
we were high
I need to stop letting me down
down down down down
I need to stop letting me down
down down down down
I hope you think of me high
I hope you think of me highly
When you're with someone else
I know your friends all lie
I know your friends don't like me
They want you for themselves
Da da da da da da da da
Da da da ooh
When you're with someone else
Da da da da da da da da
Da da da ooh
They want you for themselves
I hope you think of me high
I hope you think of me highly
When you're with someone else"
93,유해준,나에게 그대만이 (New Ver.),"더 이상 나에게 다른 사랑은 없다는 걸
이제 나는 알아요
나에게 사랑은 항상 하나뿐이었다고
나의 사랑은 그대 단 한 사람
나에겐 오직 한 사람
세상 누구보다 내게 소중한 사람
널 사랑해 널 사랑해
이 말 너에게만 하고 싶어
니가 없이 난 살수 없어서
사랑 하나로만 살아가는 나에게
내 마지막 그날까지
사랑으로 남아주길 바래 그대만이
오늘이 지나면 다시 볼 수 없을 것 같아
그대 울지 말아요
시간이 지나서 우리 하나 되는 그 날에
나와 함께할 그대 단 한 사람
나에겐 오직 한 사람
세상 누구보다 내게 소중한 사람
널 사랑해 널 사랑해
이 말 너에게 말하고 싶어
니가 없이 난 살수 없어서
사랑 하나로만 살아가는 나에게
내 마지막 그날까지
사랑으로 남아주길 바래 그대만이
소중한 너를 위해서
내게 남아있는 미련 모두 버려도
내 사랑은 내 사랑은
아직 너 하나만 원하는데
영원히 너를 지켜준다는
약속하나로만 살아가는 나에게
내 사랑은 단 한 사람
다시 태어나도 그대만을 사랑할게
그대만이"
94,오태호,기억 속의 멜로디,"기억속의 멜로디 나를 깨우고가
너의 미소도 못잊을 이름도
너의 그늘을 떠난 후에 너의 의미를 알았지
눈이 슬픈 너를 울리고 이젠 나도 울고
내게 많은 시간이 흘러 널 잊은 듯 했는데
너와 자주 들었던 노래가 그 때 추억을 깨우네
세상 모든 사람이 나를 떠나버려도
너만은 나를 찾아 돌아올 고마웠던 사람
그런 착한 너에게 시린 상처만 주고
이제와 뒤늦게 후회하는 나를 용서해
어디에 있든지 누구와 있든지
내가 그립지 않을 수 있도록
행복하길 행복하길 어느 누구보다
내 슬픈 바램을 들어줘

세상 모든 사람이 나를 떠나버려도
너만은 나를 찾아 돌아올 고마웠던 사람
그런 착한 너에게 시린 상처만 주고
이제와 뒤늦게 후회하는 나를 용서해
어디에 있든지 누구와 있든지
아픈 추억에 마음이 메이지 않도록
행복하길 행복하길 어느 누구보다
내 슬픈 바램을 들어줘"
95,Apink (에이핑크),Secret Garden,"코끝이 간지러워
네 곁에만 있으면
눈이 감겨와 나른해져와
잠이 들것만 같아
살며시 널 안아볼까
쟈스민향이 가득한
두근거리는 마음이 들려와
어쩌면 너와 나
꿈꾸던 이 시간들
나만 아는 비밀스런
문을 열어 초대할게 Yeah
닫혀있던 내 맘
꼭 열어준 너를 위해
너만 아는 나의 정원 Yeah
둘만 아는 비밀스런
고백들을 속삭여줘 Yeah
아무도 모를 우리
둘만의 이야기
문이 열리면
사랑이 시작되는 곳
손을 잡고 걸어볼까
쟈스민향이 가득한
부끄러운 내 얼굴에 다가와
어느새 니 입술
내 볼에 달콤하게
나만 아는 비밀스런
문을 열어 초대할게 Yeah
닫혀있던 내 맘
꼭 열어준 너를 위해
너만 아는 나의 정원 Yeah
둘만 아는 비밀스런
고백들을 속삭여줘 Yeah
아무도 모를 우리
둘만의 이야기
문이 열리면
사랑이 시작되는 곳
가끔은 불안 하지만
지금처럼 널 믿을래
영원히 내 곁에서
함께해줘 이곳에서 My love
나만 아는 비밀스런
문을 열어 초대할게
닫혀있던 내 맘
꼭 열어준 너를 위해
너만 아는 나의 정원 Yeah
둘만 아는 비밀스런
고백들을 속삭여줘 Yeah
아무도 모를 우리
둘만의 이야기
문이 열리면
사랑이 시작되는 곳
지금 이순간
눈부신 하루와 함께"
96,"리누 (Lee-Nu), 정유진",수줍게 빛나던 그 모든 날 (Duet ver.),"수많은 사람들 속에
둘러싸인 하루가 지나
아무도 없는 이곳에
골목 어귀를 지나면
미소 짓는 거리 선명하게
네가 있어
여전히 환하게 웃는 그 모습이
기억 속 내게 남겨진 너인가 봐
따뜻하게 손을 내어주었던
내 품에 안겼던 너라서
아직
수많은 계절이 지나
고요하게 되돌아와서
이 거리를 가득 채운 너
눈물 흘리던 널 두고
돌아선 그날이
선명하게
내게 남아 있어
여전히 환하게 웃는 그 모습이
기억 속 내게 남겨진 너인가 봐
언제라도 내 편이 돼준 네가
어디에 있어도
이렇게
남아 있다고
흩어진 기억들이 모여
어제처럼 다시
돌아와서
지키지 못한 말들이 늘 남아서
뒤돌아 눈물 흘리던 널 보내서
다시 또 마주한다면
그래 볼게
하루만 다시 널
안아줄 수만 있다면
많은 날을
잃어버린다 해도
더 아프게 돼도
그날로
수줍게 빛나던 그 모든 날 들을
시리도록 간직한 그 모든 날 들을
그저 이렇게
그리는 일 만으로
초라했던 나의 하루가
다시 선물 같은 날이 되는걸
잘 지낸다는
너의 안부만으로
이렇게"
97,김종국,행복하길,"행복하길

가지마 아직은 아니야 내가 없이도 괜찮겠니
니 앞에 내 눈을 바라봐 울고있니
너 역시도 가슴이 메어와 나를 버리려는 널 두고
아직도 난 사랑을 기대하나봐
알고있어 이젠 내가 할 수 있는 건
널 보내야 하는 네게 줄 수 있는 마지막 선물인걸
그래 사랑했다는 그 말 하지않아도 알아
나의 모습이 초라해질까봐
부디 행복하라는 이 말 기억해
힘들겠지 날 떠나 보내는 너도 나처럼

내가 사는 이유 오직 그건 바로 너였어
니가 없인 하루도 의미가 없어 듣고 있니
이젠 마지막 일테지만
널 잊고 살기엔 너무 멀리까지 온거야 날 용서해
그래 사랑했다는 그말 하지 않아도 알아
나의 모습이 초라해질까봐
너를 보낼 수 없어 아직 널 원해 돌아와줘
날 떠나려고 하지마 제발

우리 영원하자던 그말 잊지않을게
이별에는 다른 이유가 없으니
행복하길 나보다 더"
98,양혜승,아득히 먼 곳,"이젠 그대를 지울래요
더는 힘들어하지 않을래요
이런 말 조차도 많이 아프네요

찬 바람 비껴 불어 이르는 곳에
마음을 두고 온 것도 아니라오
먹구름 흐트러져 휘도는 곳에
미련을 두고 온 것도 아니라오
아 어쩌다 생각이 나면
그리운 사람있어 밤을 지새고
가만히 생각하면 아득히 먼 곳이라
허전한 이내 맘에 눈물 적시네

황금빛 저녁 노을 내리는 곳에
사랑이 머무는 것도 아니라오
호숫가 푸른 숲 속 아득한 곳에
내님이 머무는 것도 아니라오
아 어쩌다 생각이 나면
그리운 사람있어 밤을 지새고
가만히 생각하면 아득히 먼 곳이라
허전한 이내 맘에 눈물 적시네
아 어쩌다 생각이 나면
그리운 사람있어 밤을 지새고
가만히 생각하면 아득히 먼 곳이라
허전한 이내 맘에 눈물 적시네"
99,엠씨더맥스 (M.C the MAX),가시 물고기,"난 괜찮아 기다리지마
그만 잊어버리란 말이야
그래도 난 못 가
너무 늦었잖아
너는 왜 이런 날 몰라
기다려도
이젠 더 이상 널 곁에서
돌봐줄 수가 없는 나잖아
너를 버린 나 잖아
가슴 아파서 죽을 만큼
보고 싶어서
너를 줄 것처럼 날 속였던
모진 하늘이 원망스러워
너를 잡지 못하고
널 버리지도 못하고
뒷걸음만 치는
내 못난 사랑을 용서해줘

하루도 난 못 가
후회하겠지만
다신 무너지겠지만
내 남은 삶 모두
눈물로 채워 산다 해도
네 몫까지 다 내가 흘릴게
언제나 너 웃어줘
가슴 아파서
죽을 만큼 보고 싶어서
너를 줄 것처럼 날 속였던
모진 하늘이 원망스러워
가슴 깊이 박혀서
숨쉴 때마다 아픈데
다시 널 찾아낸 내 눈은
울어도 행복한걸
이런 사랑 이런 눈물
넌 몰랐으면 해"
100,마틴스미스,봄 그리고 너 (Remastering Ver.),"바람이 불어
따스한 햇살 속에서 우리
꽃 향기와 함께 오늘
날이 좋아서
같이 걷고 싶어요 이쁜
이 거리를 너와 함께
지금 이 순간을
놓치고 싶지 않아
너도 나와 같다면
내 앞에 머리 결이 휘날리는
그 향기에 기분이 좋아서
너의 그 사랑이 피어나고
그대 품에 안겨 살짝 눈을 감죠
파란 하늘에 구름이 하나 둘씩
새 하얗게 꽃들을 피우고
우리 둘의 사랑이 시작되고
이 거리를 하나 둘씩
새 하얗게 더
물들이고 있죠
밤공기는 아직 차고
너의 손을 잡고서 이 순간에
서로의 따뜻한 온기를 느끼며
가로등이 비추는
거리를 따라서 지금
이 시간이 영원하길
지금 이 순간을
놓치고 싶지 않아
너도 나와 같다면
내 앞에 머리 결이 휘날리는
그 향기에 기분이 좋아서
너의 그 사랑이 피어나고
그대 품에 안겨 살짝 눈을 감죠
파란 하늘에 구름이 하나 둘씩
새 하얗게 꽃들을 피우고
우리 둘의 사랑이 시작되고
이 거리를 하나 둘씩 새 하얗게
더 물들이고 있죠
내 두 손에 빨개진 볼이 사과처럼
꼭 널 품은 나무가 되고 싶어
너의 그 사랑이 피어나면
해가 되어 줄게
바라기만 해 줄래
파란 하늘에 구름이 하나 둘씩
새 하얗게 꽃들을 피우고
우리 둘의 사랑이 시작되고
이 거리를 하나 둘씩 새 하얗게 더
물들이고 있죠
파란 하늘에 구름이 하나 둘씩
새 하얗게 꽃들을 피우고
우리 둘의 사랑이 시작되고
이 거리를 하나 둘씩 새 하얗게 더
물들이고 있죠"
101,RIWOO,Notebook,"뻥 뚫린 창문 앞에
뒷짐 져 노을을 보며
넌 항상 낯설어 하고
그러다 잠들기를 매번
깊숙이 어딘가 내 간절함에 기대해
네가 남긴 기억들
수백 번 들려주어야
우린
we fly to the anywhere like a bird
we never come back to home
we fly to the anywhere like a bird
we never come back to home
한 여름 날 우린 쪽배에 몸을 맡기고
갑자기 내린 비에
서로 더 뜨거워졌었지
깊숙이 어딘가 내 간절함에 기대해
네가 남긴 기억들
수백 번 들려주어야
우린
we fly to the anywhere like a bird
we never come back to home
we fly to the anywhere like a bird
we never come back to home"
102,탑현,"다시, 봄 (Prod. Jony)","언제부터 시간은 나를 스쳐가
고장 난 시계 속에 난 갇혀 있어
오지 않았으면 한 계절은 벌써 찾아와
다시 너를 그려본다
하루는 네가 불어와
널 보낸 그날 밤처럼
코끝을 스치는 네 향기를 싣고
이 계절은 다시 돌아와
또 나에게 너를 데려와
지우려 할수록 점점 더 선명해져
시간 지나 겨울 끝에
다시 봄이 돌아오면
그때는 너를 보내줄 수 있을까
추억은 나를 적셔와
널 보낸 그 날 밤처럼
상처를 건드려 날 무뎌지게 해
이 계절은 다시 돌아와
또 나에게 너를 데려와
지우려 할수록 점점 더 선명해져
시간 지나 겨울 끝에
다시 봄이 돌아오면
그때는 너를 보내줄 수 있을까
내게 남은 네 흔적을
이제는 다 잊어보려 해
네가 여기에 없었던 것처럼
다른 사람을 만나서
그 빈자릴 다시 채우면
그땐 나도 널 지운 채 살겠지
이 계절은 돌아오지만
내게서 너를 내려놔
내 안에 널 지우고 이 시간을 살아
겨울 지나 봄이 오고
다시 꽃이 피어나면
그때도 너를 기억 하고 있을까
다시 또 봄이 찾아올 수 있을까"
103,지아,부디,"부디 그대 나를 잡아줘
흔들리는 나를 일으켜
제발 이 거친 파도가
날 집어삼키지 않게
부디 그대 나를 안아줘
흔들리는 나를 붙잡아
제발 이 거친 바람이
나를 넘어뜨리려 해
저기 우리 함께 눈물짓던
그때 그 모습이 보여
이젠 눈이 부시던 날의 기억
그래 그 순간 하나로 살 테니
부디 다시 한번 나를 안고
제발 지친 나를 일으켜줘
우리 사랑했었던 날들
아직 모든 것들이 꿈만 같아
부디 다시 한번 나를 깨워
제발 지친 나를 일으켜줘
다시 나의 손을 잡아줘
이제 잡은 두 손을 다신
놓지 마 제발
그대 이렇게 다시 떠나가는 날
이젠 언제쯤 다시 볼 수 있을지
우리 이렇게 헤어지면
언젠가는 또다시
부디 다시 한번 나를 안고
제발 지친 나를 일으켜줘
우리 사랑했었던 날들
아직 모든 것들이 꿈만 같아
부디 다시 한번 나를 깨워줘
제발 지친 나를 일으켜줘
다시 나의 손을 잡아줘
부디 다시 한번 나를 안아줘
부디 다시 한번 나를 안아줘"
104,동방신기 (TVXQ!),천년연가 (千年戀歌),"마른 풀꽃처럼 야윈 슬픔이
엉킨 세월에 잠 못 들때
가슴 속을 깊이 파고드는
거친 한숨에 매달리네
천년의 눈물을 모으면
이 맘 다 대신할까
노을이 떠난 저 하늘 끝엔
오늘도 서성거리네
이른 새벽 아침 여린 햇살이
지난 밤 꿈에 깨어날 때
막막했던 어제 그 꿈들이
전설 속으로 사라지네
천년의 소원을 모으면
이 맘 다 대신할까
햇살이 떠난 저 들판 끝엔
오늘도 서성거리네

저 혼자 떠돌던 낮은 바람이
지친 숨결로 헤매일 때
한나절에 내린 이 빗물로
세상의 설움 달래보네
천년의 사랑을 모으면
이 맘 다 대신할까
달빛이 잠든 저 하늘 끝엔
오늘도 서성거리네
천년의 그리움 모으면
이 맘 다 대신할까
해오름 비친 저 들판 끝엔
오늘도 서성거리네"
105,JUNIEL,물고기자리,"아무렇지 않은 듯
마지막 얘길 나눴지
그래 너와 난
짧았던 우리 기억엔
뭐가 이렇게 많은지
조금 더 무겁게
나를 찾아와
까만 두물머리 속에
찾았던 물고기자리
비 맞으며 함께 보던 바다
가볍게 취한 밤에
나누었던 얘기들
그때가 손끝에 닿을 듯해
내게서 머무는 듯해
환하게 웃는 널
부를 것 같아
다시 잠들고 싶어
너의 온기 속에서
너의 품에서
매일같이 꿈꾸듯
서로의 향길 맡았지
그래 우리는
빗물에 번지는 건지
놓지 못한 추억들이
아직도 그곳에서
바래져 가
너무나 가까이
너무 가깝지는 않은 사이
비가 오면 널 만날 것 같아
그때 그 시간 속
다정하게 웃어주던
그대가 손끝에 닿을 듯해
내게서 머무는 듯해
환하게 웃는 널
부를 것 같아
다시 잠들고 싶어
너의 온기 속에서
너의 품에서
뚝뚝뚝 뚝뚝뚝
그때 난
널 꼭 만났어야 해
널 놓지 말았어야 해
지우고 지워도
선명해져 가
지금 널 찾아가면
아무 일 없었다고
너의 품에서
잠들고 싶어"
106,초승 (CHOSNG),우리의 세계,"한숨도 못 잤어 밤새도록
어지러운 마음을 쏟아
방 안에 발 디딜 틈도 없이
엉망이 됐어
어제의 너는 마치 오늘의 나 같아
한 발짝 뒤에 따라가는 것처럼
누구는 빠르게
누구는 느리게 달려가지
각자의 세계에서
기다려줘 낯선 떨림은
불안함에서 왔을까
쉴 새 없이 달린다 해도
평행선처럼
닿지 않을 것 같아
저 별까지의 거리만큼
내 마음만 더 앞서가지
밤하늘에 태어난 저 별도
어지러운 마음을 쏟아
시간을 벗어나 마음대로
반짝거리지
어제의 너는 마치 오늘의 나 같아
한 발짝 뒤에 따라가는 것처럼
누구는 빠르게
누구는 느리게 달려가지
각자의 세계에서
기다려줘 낯선 떨림은
불안함에서 왔을까
쉴 새 없이 달린다 해도
평행선처럼
닿지 않을 것 같아
망설였던 진심들 모두
제자리를 찾아갔지
눈치 없이 걷는다 해도
찾아갈 거야
우리가 만든 세계
저 별까지의 거리만큼
내 마음만 더 앞서간대도
저 별까지의 거리만큼
찾아갈 거야"
107,nov (노브),언제까지나 (Feat. 양다일),"어두웠던 하늘도 고요히 잠든
이 시간 위에
너에게 할 말이 떠오른 건
어떤 의미가 주어진 걸까
바라온 날들이
아직도 믿겨지지가 않아
멍으로만 가득한 내 세상에 들어와
유일한 빛이 되어준 너를
절대 놓고 싶지 않아
내 품에 네 심장소리가 멈추지 않길
언제까지나
우리 뜨거움이 식어
따뜻함으로 바뀌고
잔잔한 편해짐이 더 커진대도
언제까지나 약속해 늘
변함없이 지금처럼 널 꽉 안을게
멍으로만 가득한 내 세상에 들어와
유일한 빛이 되어준 너를
절대 놓고 싶지 않아
내 품에 네 심장소리가 멈추질 않길
언제까지나
먼지로만 가득했던
내 세상을 유일하게
어루만져 주던 널
절대 놓지 않아
네 품에 내 심장소리가 멈추지 않게
언제까지나"
108,이승환,당부,"머지않아 그대와
헤어지게 될 거요
슬프겠지만 그립겠지만
부디 노여워 마오
가난한 마음이야
위안을 바라지만
우리인연의 끈이 다하니
어찌할 수 없나보오
못된 못된
나를 잊어주기를...
모두 모두
남김없이 모두...

못된 못된
나를 잊어주기를...
모두 모두
남김없이 모두...
제발 제발
눈물로 앓지말기를
어서 어서
나아지길 비오..."
109,시내,죽을만큼 (Solo),"죽을 만큼 난 죽을 만큼,
사랑했던 너와의 기억들이
밀어낼 수 없는 깊은 악몽처럼
자꾸 날 아프게 해
미치도록 널 미치도록,
보고 싶어 가슴이 터져도
끝내 너를 가질 수 없다면
힘든 이 세상에서
날 지워 버려줘-

그 후론 시간이 멈춘 듯이
같은 아픔만 느껴
이젠 익숙해진 아픔으로
살아만 가나 봐
어떻게든 너를 지워야지
너를 잊어버려야지
다짐했던 만큼
너를 떠올리는 정말 바보 같은 나를 느껴
하루 단 하루라도 너를 볼 수만 있다면
가시처럼 내게 남아있는
널 보낼 수 있을 텐데

죽을 만큼 난 죽을 만큼,
사랑했던 너와의 기억들이
밀어낼 수 없는 깊은 악몽처럼
자꾸 날 아프게 해
미치도록 널 미치도록,
보고 싶어 가슴이 터져도
끝내 너를 가질 수 없다면
힘든 이 세상에서

너 없이 단 하루도
숨쉬는 것조차 힘들어
살아갈 수도 없을 난데
죽을 만큼 난 죽을 만큼,
사랑했던 너와의 기억들이
밀어낼 수 없는 깊은 악몽처럼
자꾸 날 아프게 해
미치도록 널 미치도록,
보고 싶어 가슴이 터져도
끝내 너를 가질 수 없다면
힘든 이 세상에서
날 지워 버려줘"
110,"이진성 (먼데이 키즈), 최아인",모놀로그,"흘러라 나의 눈물아
어쩌면 소리쳐 봐도
들리지 않을 내 가슴이지만
지쳐 쓰러진
나를 잡아준 건 너잖아
울어라 나의 가슴아
어쩌면 부딪혀 봐도
소용없는 세상이라 하지만
터질 것만 같던
내 삶의 끝에서 돌아온 나잖아
숨이 차서 가슴을 다 도려내도
내 안에 한사람 너라서
살아볼게 세상이 날 밀어내도
토해낸 내 눈물이
날 돌아 볼 때까지
고마워 나의 사랑아
내 눈이 너 하나만을
가슴에 품고 살아가라잖아
이 미친 세상을
살아갈 수 있게 안아준 너잖아
숨이 차서 가슴을 다 도려내도
내안에 한사람 너라서
살아볼게 세상이 날 밀어내도
토해낸 내 눈물이 날
너를 믿지 못해서
나만 알고 살아서
바보처럼 나는 웃게 되
나 하나만이 내겐 전부였잖아
내 눈물이 나를 알아보잖아
세상이 날 내 전부를 가져가도
참을 수 없는 날 버려도
살아볼게 세상이 날 밀어내도
토해낸 내 눈물이 날
숨이 차서 가슴을 다 도려내도
내 안에 한 사람 너라서
살아볼게 세상이 날 밀어내도
토해낸 내 눈물이
날 돌아 볼 때까지"
111,커피소년,이게 사랑일까 (Feat. 하은),"사랑을 잊었죠
오래된 얘기죠
사는데 지쳐 모른척 했죠
혼자도 괜찮죠
하지만 어느 날
그대를 만난 후
나도 모르게 변해만 가요
내가 왜 이런가요
이게 사랑일까
이게 사랑일까
아무것도 못하고
그냥 웃고
자꾸 가슴이 뛰고
이게 사랑일까
잊고 살았는데
그대 이름만 들어도 설레이고
온종일 그대 생각뿐인 걸
사랑을 잊었죠
오래된 얘기죠
사는데 지쳐 모른 척했죠
혼자도 괜찮죠
하지만 어느 날
그대를 만난 후
나도 모르게 변해만 가요
내가 왜 이런가요
이게 사랑일까
이게 사랑일까
이게 사랑일까
이게 사랑일까
아무것도 못하고
그냥 웃고
자꾸 가슴이 뛰고
이게 사랑일까
이게 사랑일까
잊고 살았는데
잊고 살았는데
그대 이름만 들어도
설레이고
온종일 그대 생각뿐인걸
나도 이런 내가 어색해
그대로 미소짓고
그대로 숨쉬는 것 같아
인생이 이렇게 눈부신건지
이게 사랑일까
이게 사랑일까
이게 사랑일까
이게 사랑일까
아무것도 못하고
그냥 웃고
자꾸 가슴이 뛰고
이게 사랑일까
이게 사랑일까
잊고 살았는데
잊고 살았는데
그대 이름만 들어도 설레이고
온종일 그대 생각뿐인걸
이게 사랑일까
이게 사랑일까
이게 사랑일까
잊고 살았는데
그대 이름만
들어도 설레이고
온종일 그대 생각뿐인걸"
112,손승연,다시 너를,"널 많이 원망했었어
널 많이 미워했었어
그렇게 널 기다리다
너를 부르는 소리를
너를 그리는 마음을
니가 들은걸까
다 녹았어 널 본 순간
잘 지냈어 한마디가
내 심장까지 번져 흐르던 눈물
아파했던 지난 날들 사라졌어
거짓말처럼
내 사람이었던 너 다시
내 사람이 된 너
가슴 끝에 걸려 있는 무언가가
사랑이었다는걸
눈물이 말을 해줬어 Nothing
모든걸 가져도
Everything Goes Nothing
다 잊었어 널 본 순간
처음으로 한 그 말 I'm Fine
내가 니 품에 안겨 눈을 떴을때
달라졌어 그 세상은
다시 너로 물들고 있어
니 사람이었던 나 다시
니 사람이 된 나
기다림의 시간 속에 미워했던 맘
씻어낼 수 있게
항상 내 곁에 있어줘 Nothing
모든걸 가져도
Everything Goes Nothing
다시 나를 찾아오지 않았더라도
내 마음은 누구에게도
주지 않았을꺼야
내 사람이었던 너 다시
내 사람이 된 너
가슴 끝에 걸려있는 무언가가
사랑이었다는걸
눈물이 말을 해줬어
Nothing 모든걸 가져도
Everything Goes Nothing
Nothing Nothing"
113,박지윤,내 눈에 슬픈 비,"눈이 부신 아침 햇살도
눈물겨운 우리사랑도
여기서 끝내자고 미안해 하지마
나는 아무렇지 않아
먼저 얘기해줘서 고마울뿐야
왜 그렇게 쉬운 이별을
힘들게 돌려서 말하니
예상하고 있었어
이쯤일 거라고
날 사랑하지 않는다면
당연한 걸 너를 보내줄께
이제는 잊을께
이제는 모두 잊을께
눈물겨운 오늘의 이별까지 잊어줄께
조금만 천천히 돌아서줄래
나는 괜찮은데 내 눈에는
왜 눈물이 어허
잠시 엇갈린 건 아닌지
잠시 보내준 건 아닌지
내가 미련 있다면 왜 떠나려 하니
날 걱정스런 눈빛으로
보내야 하지만 좀 편한 거니 사랑한
날들을 조금씩 지우다 보면 눈물겨운
오늘의 이별까지
지워질까 조금만
천천히 돌아서줄래
나는 괜찮은데 내 눈에는
왜 눈물이 어허
내 눈에 슬픈 비가 흘러내려
온 세상을 적시면 그땐 다시
찾아올께
나의 눈물 비속에 묻혀
볼 수 없을 때
이제는 잊을께
이제는 모두 잊을께
눈물겨운
오늘의 이별까지
잊어줄께 조금만
천천히 돌아서줄래 나는
괜찮은데 내눈엔 왜 눈물이 어허
잊을께 이제는
모두 잊을께 눈물 겨운
오늘의 이별까지 잊어줄께
조금만 천천히 돌아서줄래
나는 괜찮은데 내 눈엔
왜 눈물이 어허"
114,김나영,마음 (Prod. by MAKTUB),"잠깐의 긴 꿈처럼
어제의 바람처럼
어느새 또 찾아온
너의 기억
사랑만으로는
부족한 진심만으로도 안되는
어쩔 수 없는 너와 나
견딜 수 없을 만큼
그리움에 지쳐도
그저 침묵만으로
난 나를 지키네
어떤 이유로도 모자란
간절히 원해도 안되는
닿을 수 없는 너와 나
눈을 감아도
귀를 막아도
마음은 결국
너에게 가는걸
어쩌면 이별은
생각이 낳나봐
마음은 절대
이별을 만들지 못해
스치는 계절처럼
찰나의 인연처럼
언젠간 너도
그렇게 지나갈까
기다릴 수도 잡을 수도
체념할 수도 없는
거처를 잃은 너와 나
눈을 감아도
귀를 막아도
마음은 결국
너에게 가는걸
어쩌면 이별은
생각이 낳나봐
마음은 절대
이별을 만들지 못해
사랑하고 울고 웃던 날들이
꿈결같던 추억이 가슴에 남아
이렇게 흩어지지 않아서
미련을 닮은 욕심은
널 오늘도 내려놓지 못해
눈을 감아도 귀를 막아도
내 맘은 니가 느껴지는데
어쩌면 시간은
모든걸 지울 순 없나봐
마음은 아직 그날에 있나봐
마음은 아직 그길을 걷나봐
마음은"
115,양요섭,남자라 울지 못했어,"남자라 울지 못했어

가만히 바라보고 있네요
그대가 뒤돌아서는 모습
잡으려 내 손끝은 그댈 향해도
얼어붙은 내 발걸음
내 초라함은 내 발목을 붙들고
널 향한 내 두 눈은 외친다
멈추지 마 널 잡을지 몰라
니가 싫어 보내는 게 아냐
너 없이도 잘 살아갈 수 있으니
뒤돌아보지 마
내 맘이 변하기 전에
내 비겁함은 내 눈물을 가리고
널 향한 내 욕심은 외친다
멈추지 마 널 잡을지 몰라
니가 싫어 보내는 게 아냐
너 없이도 잘 살아갈 수 있으니
뒤돌아보지 마
내 맘이 변하기 전에
남자라 잡지 못했어
그게 널 위한 거라며
겉멋든 어린놈처럼
울지는 마 날 사랑했다면
난 괜찮아 사랑이었다면
널 모른 척 잊은 척 살아 갈 테니
어서 넌 떠나가
남자라 울지 못했어"
116,어반자카파,Moai,"네온사인 덫을 뒤로 등진 건
내가 벗어두고 온 날의 저항 같았어
떠나오는 내내
숱한 변명의 노를 저어
내 속된 마음을 해체시켜 본다
때론 달콤한 내 거짓으로도
때론 아이 같은 응석에
두 손을 벌려도
이젠 All I Need 저 모아이들에게
나의 욕심을 말해볼까
이젠
내 가슴 속에 남은 건
이 낯선 시간들
내 눈에 눈물도 이 바다 속으로
이 낯선 길 위로 조각난 풍경들
이런 내 맘을 담아서
네게 주고 싶은걸
In The Easter Island
이제 세상은 이 어둠을
내게 허락했고
비로소 작은 별빛이
희미한 나를 비출 때
차가운 바다 속에 내 몸을 담그니
내 가슴을 흔드는 잔잔한 물결 뿐
해맑게 웃을 때 나른한 걸까
세상에 찌든 내 시크함을
조롱한 걸까
나는 멍하니 이 산들바람 속에
성난 파도를 바라보고 있어
내 가슴 속에 남은 건
이 낯선 시간들
내 눈에 눈물도 이 바다 속으로
이 낯선 길 위로 조각난 풍경들
이런 내 맘을 담아서
네게 주고 싶은걸
In The Easter Island
내가 돌아갔을 땐
너는 맨발로 날 기다리겠지
무릎을 세우고 초조하게 있지는 마
이 달이 질 무렵 돌아가니까
내 가슴 속에 남은 건
이 낯선 시간들
내 눈에 눈물도 이 바다 속으로
이 낯선 길 위로 조각난 풍경들
이런 내 맘을 담아서
네게 주고 싶은걸
In The Easter Island"
117,홍아,벙어리,"말하려 해도 할 수 없는
그대 향기에 붙은 내 맘이
떨어지지 않아
보여줄 수가 없어서 나는
어떡해야
내 말 들어봐요 너무 아름다운 사람
아무도 모르게
그대 뒤에 꼭 숨겨둔 내 맘
말하지 않아도 알아줬으면
가슴 깊이 또 묻어두죠
그대 두 눈에 마주칠 때
쓸데없는 자존심이 커져
내 모습을 가려
그대는 정말 한번쯤 나를
기억할까요
내 말 들어봐요 너무 아름다운 사람
아무도 모르게
그대 뒤에 꼭 숨겨둔 내 맘
말하지 않아도 알아줬으면
그녀는 찾을 수 있나요
가슴 깊히 묻어둔 채
사실 난 들킬까 봐 겁이나
도대체 난 어떻게
할 수 없어서 난 또 벙어리가 되어
내 안의 그대 너무 커져버린 만큼
할말은 많아도
오히려 다 표현하지 못해
벙어리가 될 수 밖에 없어서
오늘도 그대에게 오늘도 그대에게
할말 있어요 그대와는 상관 없는
내 꿈속이지만
그대가 있어 만족하려 해
그대에게
말할 수 없는 나의 사랑"
118,송하예,틈,"알고 있었죠 우리 두 사람 사이
언제부턴가 작은 틈이 생겼죠
차가운 바람이 자꾸 스며와
우릴 갈라 놓았죠
조심스럽게 그댈 지켜보면서
내 마음에도 작은 틈이 생겼죠
견딜 수 없이 조여오는 생각이
우릴 멀게만 했죠
누구나 아픈
그런 사랑은 하기 싫어요
멀어진 그 맘
되돌릴 수는 없나요 이젠
사랑할수록
지쳐가는 날 붙잡아줘요
그대만이 나를 살게 하니까
사랑은 항상 나만의 몫이었죠
내가 그대를 더 많이 사랑해서
아프다 너무 버틸 수 없어
눈물로 하룰 보내죠
누구나 아픈
그런 사랑은 하기 싫어요
멀어진 그 맘
되돌릴 수는 없나요 이젠
사랑할수록
지쳐가는 날 붙잡아줘요
그대만이 나를 살게 하니까
왜 나만 아픈건가요
그대란 사람 너무 나빠요
사랑한다는
그런 말은 나 듣기 싫어요
더 좋은 사람
찾아가란 말 하지 말아요
어차피 아픈
그런 사랑을 해야한다면
그대 뒤에서 나 사랑할래요"
119,밤에,그만큼 사랑해 (Vocal. 희형제),"집 앞 골목길을 함께 걸을 때
이런 소소함에 행복하다며
내 옆에 꼭 붙어 너무 예쁜 미소로
사랑의 의미를 배우게 해준
그런 네 모습들이 좋았어
넉넉하지 못한 내 지갑 사정에
비싼 저녁 한 끼 사주려 하면
괜찮다고 내 손 끌고 들어간
낡고 허름한 식당
너와 나눈 술잔에
고마움을 마셨어
언젠가는 꼭 더 잘해줄 거야
행복보다 더 행복할 수 있도록
다음 생 다시 누군가를 사랑한다면
다시 너이길 기도할 만큼
그만큼 사랑해
세상에 치여 맘에 여유가 없어
책임 못질 이별까지 말해도
잡아주며 날 달래준 그 모습
평생 잊지 않을게
어떤 고난 속에도
너와 동행할 거야
언젠가는 꼭 더 잘해줄 거야
행복보다 더 행복할 수 있도록
다음 생 다시 누군가를 사랑한다면
다시 너이길 기도할 만큼
그만큼
누구보다 더 널 사랑할 거야
아무에게도 절대 지지 않을게
지친 날이면 내게 기대 쉴 수 있게
너만의 나무가 되어줄게 널
그만큼 사랑해"
120,Jessica (제시카),잠이 오지 않아,"잠이 오지 않아
네 생각이 나서 그래
나 홀로 남은 방안에 앉아
네가 남기고 간 흔적들이 너무 많아
잠 못 드는 긴 밤이 난 싫어
함께 있던 방안엔
차가운 공기만 남아서
너의 빈자릴 누구도 채울 수 없어
너여야만 하니까
다정했던 눈빛 따스했던 온기
잘 자라는 말이 오늘따라 그리워져
나도 너처럼 뭐든지 쉬웠으면 해
나만 아픈 것 같아
잠이 오지 않아
네 생각이 나서 그래
나 홀로 남은 방안에 앉아
네가 남기고 간 흔적들이 너무 많아
잠 못 드는 긴 밤이 난 싫어
함께 듣던 노래가
오늘따라 너무 슬펐어
내 얘기 같아 계속 틀어놓은 영화도
전부 이별 얘긴 걸
네가 앉던 소파 함께 눕던 침대
너의 흔적 가득 오늘따라 그리워져
너의 빈자릴 누구도 채울 수 없어
너여야만 하니까
잠이 오지 않아
네가 없는 밤은 그래
편히 나도 잠들고 싶어
너 없는 이 밤이 너무나 외롭고 길어
내 곁으로 다시 돌아와 줘
잠이 오지 않아
네 생각이 나서 그래
나 홀로 남은 방안에 앉아
네가 남기고 간 흔적들이 너무 많아
잠 못 드는 긴 밤이 난 싫어"
121,마인드유,아침,"아침이 결국 오긴 왔어
밤이 지나가긴 했나 봐
내 방에 침대에 베개도 다 그대론데
달라진 건 단 하나 밖에
혼자서 일어난 아침은
어색해 이상해 다 부서질 것만 같아
다시 네게 연락해
아무렇지 않게 말할까
난 너 없이 안 될 거 같다고
너는 내게 말했지
미안하단 말도 싫다고
그래도 나는 미안하단 말 밖에 못해
뿌리치던 널
차마 잡지 못했어
어차피 다시
내게 올 것 같아서
후회돼 나 그때로
돌아갈 수 있다면
널 꼭 안을래
긴 밤을 버티고
아침 오면
아침 오면
소파 누워 폰을 봤었지
뭐 먹을지 고민했었지
소소한 일상들 그냥 이런 게 생각나
혼자 집에 와서 불을 켜
원래 이렇게 조용했나
미안해 모든 게 도대체
어떡해야 해
뿌리치던 널
차마 잡지 못했어
어차피 다시
내게 올 것 같아서
후회돼 나 그때로
돌아갈 수 있다면
널 꼭 안을래
긴 밤을 버티고
아침 오면
불이 꺼진 내 집
혼자 TV를 켜
옆을 보면 네가 있을 것 같아
너무 보고 싶어서
늘 함께인 게
너무 당연했는데
이제 후회돼
다시 돌아와 줄래
미안해 너보다 더
소중한 건 없는데
너를 잡을게
긴 밤을 버티고
아침 오면
아침 오면"
122,비타민,Dear Me,"긴 하루 끝
작은 거울 앞에 서서
다 지나간 오늘을 떠올려
이제야 겨우 마주한 나
웃고 있어도 눈물이 흘러
울고 싶은 날엔
울어버려도 된다고
풀 죽은 내 맘을 보듬어
지치고 힘든 날이면
쉬어가도 괜찮다고
거울 속 날 위로해
너를 사랑해 지금 그대로
안아줄거야
완벽하지는 않아도
소중한 널 알잖아
단 하나 뿐인 너잖아
나를 사랑해
지금 이대로
다시 웃을거야
이 세상 그 누구보다
행복한 나라고
더 사랑한다고
내 모습 이대로
마음 아픈 날엔 웃지 않아도 된다고
버거운 내 맘을 다독여
때론 넘어지더라도
천천히 가면 된다고
거울 속 날 위로해
너를 사랑해
지금 그대로
안아 줄거야
완벽하지는 않아도
소중한 널 알잖아
단 하나 뿐인 너잖아
나를 사랑해
지금 이대로
다시 웃을거야
이 세상 그 누구보다
행복한 나라고
더 사랑한다고
내 모습 이대로
수 많은 생각들과
차곡히 모아온 내 맘 또 내 안의 나
이제는 숨기지 말라고
단 하나 뿐인 나에게
너를 사랑해
지금 그대로
나를 사랑해
지금 이대로
다시 웃을거야
이 세상 그 누구보다
행복한 나라고
더 사랑한다고
내 모습 이대로"
123,제휘,Looks like a real thing,"툭 떨어진 맘은 혹 사랑이었나
따스한 눈빛 너를 비추던
모든 순간은
어두운 눈동자 일렁이는 마음
어김없이 떠오르는 너
다만 모든건 밤새
잠시 다녀가버리는 꿈같아
오 그대는
잠이 든 새벽 내게로
바람 스치듯 문득 찾아와줘요
길을 따라 걸어요
멀리 멀리 우리만 있는 곳으로
아득하도록 깊은 사랑의
분명한 마음을 후회하지 않아
사랑은 늘 그러하겠죠 oh love
잠든 새벽 내게로
달빛 스미듯 문득 찾아와줘요
마음 따라 걸어요
멀리 멀리 그대가 있는 곳으로"
124,한혜리,다시 꿈(Spring Day),"그런 날
어릴적 꿈꾸던 나의 시간 맴돌아
나만 홀로 아직 제자리 걸음
괜찮은 줄 알았는데
음음
그런 날
숨이 차올라서 주저 앉고 싶을 때
손잡을 누군가 생각나지 않아
sometimes I cry
오 그럴땐 생각해
바다 보러가기
한강 물멍하기
사랑하는 너와의 오래된 수다
길 가다 문득 올려다 본 파란 하늘
Happy things
woo I'm telling you
이제 웃으면서 노래할래
라라라라 라라라라라
woo I'm telling you
이제 행복한 노래를 부를래
라라라라 라라라라라
언젠가
손을 뻗어 높은 곳을 담아보곤 해
살랑살랑 닿을 것만 같은 느낌
oh shining day
나 이렇게 노래해
따스한 햇살에
향긋한 바람에
사랑하는 너와의 수줍은 산책
길 가다 문득 올려다 본 파란 하늘
happy day
woo I'm telling you
이제 웃으면서 노래할래
라라라라 라라라라라
woo I'm telling you
이제 행복한 노래를 부를래
라라라라 라라라라라
네가 나를 꼭 안아줬을때
말랑말랑 지키고 싶은 마음
네 손을 맞잡고 나갈래
내 꿈을 미루지 않을래
woo I'm telling you
이제 웃으면서 노래할래
라라라라 라라라라라
woo I'm telling you
이제 행복한 노래를 부를래
라라라라 라라라라라
Yeah I'm telling me
기분 좋은 봄 온기를 느끼며
yeah I'm telling me
it's gonna be a perfect spring day"
125,이주혁,눈을 보고 말해요,"오늘 하루는 바쁠 것 같아요
혼자 지내는 연습을 해야죠
내일이면 괜찮아질 것도 같은데
언제쯤 만나서 얘기할까요
아니에요 당장이라도 보고 싶은데
헤어지잔 말 할까 자꾸만 두려워
눈을 보고 내게 말해요
내가 싫어졌다 말해요
왜 자꾸만 나를 못 봐요
거짓말이죠
우린 사랑하고 있는데
그것만으론 안 되나요
그래요 그렇게 말 안 해도
잘 알고 있죠 나는
오늘 하루는 아플 것 같아요
평소 않던 이별을 해야 하죠
내일이면 괜찮아질 것도 같은데
언제쯤 웃으며 얘기할까요
그대 만나러 가는 길은 행복했는데
지금 이 순간만은 시간이 멈추길
이런 사랑 다신 못할 것 같아
묻고 싶은 게 하나 있죠
나를 사랑하긴 했나요
잘해주진 못했었나요
그건 아니죠
몇 걸음만 더 걸어가면
뒤를 돌아보지 않으면
더 이상 미련 없이 그대를
보내야 겠죠
Good Bye"
126,신우 (B1A4),Heigh-ho,"무덤덤한 하루에 웃을 일 없던
너와 나 기대란 없었지
두근대는 설렘 같은 건 없을 거라고
당연하게 잊고 지냈지
오 날 믿어줬던
네가 이제야 보여
익숙함에 가렸었지만
오 난 찾은 거야 이미 찾았던 거야
함께라서 행복한 우린걸
하이 호 하이 호 떠나보내자
지난날의 슬픔이여 안녕
하이 호 하이 호 노래 부르자
해 뜰 날이 우릴 찾아온 거야
곁에 있는 소중한 널 지나쳤었어
언제부터인가 무뎌졌었지
이제는 알아 모두 너의
사랑이었다는 걸
너로 다시 난 미소 짓게 돼
오 날 믿어줬던 네가 이제야 보여
익숙함에 가렸었지만
오 난 찾은 거야 이미 찾았던 거야
함께라서 행복한 우린걸
하이 호 하이 호 떠나보내자
지난날의 슬픔이여 안녕
하이 호 하이 호 노래 부르자
해 뜰 날이 우릴 찾아온 거야
지금껏 이해할 수 없던 것들
더이상은 문제 되지 않아
오 네 세상이면 난 충분한 걸
또 이렇게 해가 뜨네
나를 믿어줬던 네가 이제야 보여
외로움은 무색해지고
오 난 찾았던 거야 이미 알았던 거야
너 하나면 바랄 게
없던 나
하이 호 하이 호 떠나가보자
중요한 건 다 여기있던걸
모두 하이 호 하이 호 노래 부르자
함께라서 행복한 우린걸
오 파랑새는 여기 있던 거야"
127,이수영,단발머리,"오랜만이죠 조금 야위었네요
짧은 머리도 어느새 길었네요
우연히 보게 되니 살짝 어색해요
누구보다 가깝던 우린데

처음보다는 견딜만 해졌어요
당신 때문에 울지만은 않아요
이제는 괜찮아요 밥도 잘 먹어요
하루하루 당신을 지워갈거예요

왜 그랬어요 내가 지겨웠나요
그럼 그렇다고 속 시원히 말하지
나를 속여가면서 그래 즐겁던가요
아름다운 추억마저 더럽힌 네가 싫어

스치듯이 지나가줘요
oh 사랑의 걸었던 내 마음도 털어
아낌없이 잊어버려요
oh 믿었던 사랑의 끝인가요 잊어요

많이 변했죠 나도 야위었어요
길던 머리도 짧게 잘라버렸죠
우연히 보게 되면 그대 날 모르게
내가 아닌 것처럼 변하고 싶었죠

울기만 하다 때론 웃기만 하다
한때는 정말 사람이 아니었어요
잠도 잘 수 없었고 아무 일도 못했죠
당신과 헤어진게 대체 뭐라고 내가 싫어

스치듯이 지나가줘요
oh 사랑의 걸었던 내 마음도 털어
아낌없이 잊어버려요
oh 믿었던 사랑의 끝인가요

매일 쓰던 일기와 우릴 담았었던 사진들
아무 흔적없이 버려요
그녀가 보지 못하게 네가 싫어

(내가 너무 미안해) 그만해 정말 미워
(미안하다고) 믿지 않아
(사랑했었어) 너의 거짓말 믿지 않아

스치듯이 지나가줘요
oh 사랑의 걸었던 내 마음도 털어
아낌없이 잊어버려요
oh 믿었던 사랑의 끝인건가요"
128,어반자카파,니가 싫어,"나는 너에게 사랑을
구걸하지 않았어
진심을 원했어
마지막으로 널 봤던 날도
널 원하지 않았어
진심을 원했어
상처받은 내 마음과
더럽혀진 그때 추억
날 바라보던 니 표정
다 너무 싫어
난 니가 싫어
불안했던 우리 모습
지켜 내려던 내 모습
다 너무 후회가 돼
잘 몰랐던 나
난 니가 싫어
나는 너에게 사랑을
구걸하지 않았어
진심을 원했어
마지막으로 우리 만난 날도
넌 진심이 없었어
진심을 원했어
상처받은 내 마음과
더럽혀진 그때 추억
날 바라보던 니 표정
다 너무 싫어
난 니가 싫어
불안했던 우리 모습
지켜 내려던 내 모습
다 너무 후회가 돼
굳게 닫힌 나의 맘과
돌이킬 수 없는 우리
서로를 아프게 했던
그 때가 싫어
난 내가 싫어
시간이 더 흐른다면
서로를 이해할 수 있을까
하지만 그때도 우리 만나지 말자
이런 내가 싫어
나는 너에게 늘 진심이었고
너도 그때만큼은
그랬을거라 믿어"
129,서인국,행복했을까 (Feat. 구혜선),"우리가 지내온 시간이 모두
하늘에 기억이 될까
먼 훗날 저버린 우리는 또
다른 인연이 또 생길까
나에겐 내일이 없다고 오늘도
사랑한다 말했지
나에겐 오늘만 있어서 마음이
너무너무 조급해졌지
그때 내가 너에게 사랑한다
말하지 않았다면
우리는 행복했을까
그때 내가 너에게 사랑한다
말하지 않았다면
우리는 행복했을까
나에겐 내일이 없다고 오늘도
사랑한다 말했지
나에겐 오늘만 있어서 마음이
너무너무 조급해졌지
그때 내가 너에게 사랑한다
말하지 않았다면
우리는 행복했을까
그때 내가 너에게 사랑한다
말하지 않았다면
우리는 행복했을까
그때 내가 너에게 사랑한다
말하지 않았다면
우린 정말 행복했을까
그때 내가 너에게 사랑한다
말하지 않았다면
우리는 행복했을까
이제와 이제서야 내가 또
다른 인생을 살게 됐고
우리가 아닌 우리를 우리라
말하는 것도 이젠 안돼요"
130,김성규,끌림,"우리 분명 같은 하늘
아래 살고 있는 거 맞지
마음만 먹으면 언제든지
만나질 수 있는 거 맞지
사무치게 네가 그리워
뜬눈으로 밤을 새워
아침이 오는 그 소리에
정신 차려 보면
내 맘은 또 너에게로 달려가고 있어
우리 분명 같은 하늘
아래 살고 있는 거 맞지
마음만 먹으면 언제든지
만나질 수 있는 거 맞지
소름 끼칠 만큼 그리워
나도 내가 왜 이러는지
이유라도 좀 알고 싶어
이런 와중에도
내 맘은 또 너에게로 달려가고 있어
한 순간도 너에게서
자유로워질 수가 없어
그럴 수 없어
내 마음은 또 너에게로
이 순간도 너에게로 달려가고 있어
단 일분도 너에게서
자유로워질 수가 없어
그럴 수 없어"
131,안예은,Loop,"그대를 만난 후에
지새우지 않은 밤이 없고
그대를 만난 후에
세어보지 않은 별 없네
짙은 어둠 사이사이에
전하지 못한 이야기들
새벽별 하나하나에
닿을 수 없었던 마음들
다가오는 그것이
그 어떤 아픔이어도
내가 함께 해 함께 해 그대와
그대를 위해 천 번을 죽고
다시 태어나도 그대에게로
떠나지 않아 같은 자리에
언제나 그대 곁에
다가오는 그것이
그 어떤 두려움이어도
내가 함께 해 함께 해 그대와
그대를 위해 천 번을 죽고
다시 태어나도 그대에게로
떠나지 않아 같은 자리에
언제나 그대 언제나 그대
그대를 위해 천 번을 죽고
다시 태어나도 그대에게로
떠나지 않아 같은 자리에
언제나 그대 곁에
언제나 그대 곁에
언제나 그대 곁에"
132,윤종신,이별의 온도,"또 하나의 계절이 가고

찬 바람은 그때 그 바람

잘 살아가고 있냐고

다 잊은 거냐고

내게 묻는 거라면

내 대답은 정말로

아직 사랑한다고

아직까지 이별하고 있다고

그 하루에 끝나는 게

아니란 걸 이별이란 게

넌 어때 떠난 사람아



주머니를 찌른 두 손은

맞잡을 누가 없는 건데

추워서 그런 것처럼

그냥 무심하게 잘 사는 것처럼

날 그렇게 가려줘



요즘 더 부쩍 추워졌어

떠나갈 때의 너처럼

잘 살아가고 있다고

다 잊은 것 같다는

너의 안부 뒤에

내 미소는 거짓말

아직 사랑한다고

아직까지 이별하고 있다고

그 하루에 끝나는 게

아니란 걸 이별이란 게

넌 어때 모진 사람아

이제 더 그립다고

너무 더디게 이별하고 있다고

계절이 바뀔 때마다

그 온도는 추억이 되어

바람은 너를 데려와



이 계절이 가면 따뜻한 바람

내 곁에 머물던 너처럼

그 바람 날 몰라보게

다 잊었으면 돌아오지 않을

먼 길을 떠난 너



떠난 너

떠난 너"
133,2am,나타나 주라,"바람에 흩날리는
그대의 머릿결을
바라만 보는 걸로
더 바랄게 없었네
꿈처럼 다가온 너
이별만 남겨준 너
내 생에 그댈 만나
그저 감사할 뿐야
그때 그때 그댈 만나고
헤일 수 없는 밤들을
그리며 반기며
우연히 다시 나타나 주라
그리움 전하지 못했던
바보 같은 내게로 다시 돌아와줘
우연히 다시 나타나 주라
잊혀져 갈 그대 모습
가득히 담을 수 있게
따스한 봄볕처럼
처음처럼 다시 내게
꿈처럼 다가온 너
이별만 남겨준 너
내 생에 그댈 만나
그저 감사할 뿐야
그때 그때 그때 그때
그댈 보내고
헤일 수 없는 밤들을
눈물로 그리며
우연히 다시 나타나 주라
그리움 전하지 못했던
바보 같은 내게로 다시 돌아와줘
우연히 다시 나타나 주라
잊혀져 갈 그대 모습
가득히 담을 수 있게
따스한 봄볕처럼
처음처럼 다시
다시 돌아와줘
우연히 다시 나타나 주라
잊혀져 갈 그대 모습
가득히 담을 수 있게
따스한 봄볕처럼
처음처럼 다시 내게"
134,신용재 (2F),너일까,"so beautiful so beautiful
so beautiful so beautiful
사진보다 훨씬 예쁜 것 같아
기대도 안 했는데
어색한 듯 웃는 묘한 표정이
빠질 것만 같아
몇 마디 안 해도
너와 난 말이 통하는 걸
원래 알았던 것 같이
몸에 맞는 옷같이
너일까 기다려온 사람
내일 또 만나고 싶어
맛있는 거 사주고 싶어
그게 정말 너일까 왠진 모르지만
맞는 것 같아
만나보면 좋을 것 같아
입술을 깨무는
너의 버릇이 나를 미치게 해
다릴 꼬고 있는 모습
yeah 터질 것만 같아
혀 짧은 발음이 꽃사슴
왜 난 달콤한지
머리부터 발끝까지
하나부터 열까지 좋아
너일까 기다려온 사람
내일 또 만나고 싶어
예쁜 옷도 사주고 싶어
그게 정말 너일까 왠진 모르지만
맞는 것 같아 만나보면 좋을 것 같아
oh 난 내 눈앞에 널 놓친다면
oh 난 그냥 이렇게 널 보낸다면
정말 후회할 것 같은데
넌 이런 나를 알까
또 나만 이런 걸까
지금 넌 잠들었을까
너야 그래 나는 너야
질리도록 만나고 싶어
당장이라도 안고 싶어
내일부턴 내가 달라질 테니까
시작해볼까
우린 잘 어울릴 것 같아"
135,최성은,버스 창문에 기대어,"너와 헤어진 뒤
나는 버스 정류장
웬일인지 일찍 오는 저 버스
자연스레 둘이 앉은 자리에 앉아
음악을 들으며 창문에 기대지
무심결에 창 밖을 보고 있으니
너와 함께 했던 추억거리를 지나
생각 없이 생각 없이
예전 그 역 앞에서
나도 몰래 내리려고 하지
버스 창문에 기대어서
그리운 네 사진 본다
버스 창문에 기대어서
지나가는 추억들을 보낸다
어느샌가 눈물이 나
네 생각을 하니
서로 안아주던 그 역
혼자만 남아
사랑한다 사랑한다
이렇게 외쳐 보지만
들어 주던 넌 여기에 없어
버스 창문에 기대어서
그리운 네 사진 본다
버스 창문에 기대어서
지나가는 추억들을 보낸다
지나가는 추억들을 보낸다"
136,한올,깊이 잠들어요,"오늘 하루도 고생했어요
뭐가 그리 힘들었나요
그대 마음속 어두운 그늘에
내가 작은 빛을 줄게요
내가 토닥여줄게요
쓰다듬어줄게요
그댄 내 품 안에서
깊이 잠들어요
그대 지친 하루에
내가 힘이 될게요
내게 기대어 잠들어요
깊이 잠들어요
그대 하루는 어땠나요
누군가 힘들게 했나요
이미 캄캄한 그대 하늘을
내가 환히 비춰줄게요
토닥여줄게요
쓰다듬어줄게요
그댄 내 품 안에서
깊이 잠들어요
그대 지친 하루에
내가 힘이 될게요
내게 기대어
잠들어요
깊이 잠들어요"
137,보이스메모리,부탁해요 (Piano Ver.) (Feat. 지현),"우리 이별한 지 벌써 1년이에요
아직도 난 온종일
그대 생각만해요
아침에도 늦은밤도
잠이 드는 순간까지
그리운 그댈 애타게도 찾는 나죠
언젠간 다시 만날 날이 올거라고
행복을 줄 사람
오직 너 하나뿐인데
그리워서 그리워서
그댈 찾아봤지만
이미 다른 사랑하며 웃고 있네요
따뜻한 기억이라 참 고마웠어요
너와 나눈 추억들
모든게 참 아름다웠죠
결국엔 나의 곁을
떠나버린 너지만
괜찮다면 괜찮다면
그 기억을 다시 돌아봐 줘요
사랑은 다른 사랑으로
잊는거라고 누군가 말했죠
그 말 믿어보고서
억지웃음 지어보며
누굴 만나보아도
안되네요 난 너여야만 하는가봐
따뜻한 기억이라 참 고마웠어요
너와 나눈 추억들
모든게 참아름다웠죠
결국엔 나의 곁을
떠나버린 너지만
괜찮다면 괜찮다면
그 기억을 다시 돌아봐 줘요
참 못났네요 많은 시간 흘러도
여전히 그대만 기다리는 나죠
참 어렵네요 그댈
잊어야 한다는게
기다리면 올까요
그댄 내 전부니까
잘가요 고마웠어요 사랑해줘서
세상 어떤 그 누구보다
더 아름다운 사람
결국엔 나의 곁을
떠나버린 너지만
딱 하나만 약속해요
날 위해서라도 부디 행복해요
당신도 약속해요
내 사랑을 아껴주세요 부탁해요"
138,임창정,그대 내게 말하길,"언젠가 그대 내게 말하길
곁에는 있지만 사랑은 말자던
현실 속이 돼버린 흘려 지낸 말들
이제는 떠나가야 한다는 그대
오늘도 그대는 잊어달라 말했었고
그대를 잊기 위해 들렸었던 그 곳에서
또 마주친 옛이야기
아주 멀어지기 전에
꼭 들려주고 싶은 슬픈 나만의 노래
한번은 말해야 할 그댈 향한
하나의 사랑
그대 왜 자꾸 웃어줬나요
아무 상관없는 그대 삶의 나라면
버려라도 줘요 그댄 내게
단 한 사람이니까
언젠가 그대 내게 말하길
곁에는 있지만 사랑은 말자던
현실 속이 돼버린 흘려 지낸 말들
이제는 떠나가야 한다는 그대
가지마 가지마 가지마 말했었고
언제나 함께 웃던 그곳에서 또 마주친
행복이라는 옛 이야기
아주 멀어지기 전에
꼭 들려주고 싶은 슬픈 나만의 노래
한번은 말해야 할 그댈 향한
하나의 사랑
그대 왜 자꾸 웃어줬나요
아무 상관없는 그대 삶의 나라면
버려라도 줘요 그댄 내게
단 한 사람이니까
힘들지만 단호히
날 돌려세울
또 하나의 이유
그래야 그대가 또 우리가
아름다울 테니
아주 멀어지기 전에
꼭 들려주고 싶은 슬픈 나만의 노래
한번은 말해야 할 그댈 향한
하나의 사랑
그대 왜 자꾸 웃어줬나요
아무 상관없는 그대 삶의 나라면
버려라도 줘요 그댄 내게
단 한 사람이니까
우리 이별을 그대는 알고 있나요"
139,서영은,가을이 오면,"가을이 오면
눈부신 아침 햇살에
비친 그대의 미소가
아름다워요
눈을 감으면
싱그런 바람 가득한
그대의 맑은 숨결이
향기로와요
길을 걸으면
불러보던 그 옛노래는
아직도 내 마음을
설레게 하네
하늘을 보면
님의 부드런
고운 미소 가득한
저 하늘에 가을이 오면
가을이 오면
호숫가 물결 잔잔한
그대의 슬픈 미소가
아름다워요
눈을 감으면
지나온 날의 그리운
그대의 맑은 사랑이
향기로와요
노래 부르면
떠나온 날의 그 추억이
아직도 내 마음을
설레게 하네
잊을 수 없는
님의 부드런
고운 미소 가득한
저 하늘에 가을이 오면
길을 걸으면
불러보던 그 옛노래는
아직도 내 마음을
설레게 하네
잊을 수 없는
님의 부드런
고운 미소 가득한
저 하늘에 가을이 오면
샤라랏따
샤라랏따라라
따라라 따따라라라라
샤라랏따
샤라랏따라라"
140,소란 (SORAN),123,"One Two Three
다 세지 못해
널 좋아하는 이유
One Two Three
더 빨라도 돼
지금 내 발걸음
어제 완벽히 연습했는데
널 만나는 날의 헤어스타일
노력해도 어제처럼 안 돼
혹시 너도 거울 앞일까
몇 번을 고치다가
너를 생각하다가
놀랐어 몰랐어 웃고 있는 나
One Two Three
널 기다리는 시간
눈에 비친 모든 게
아름답게 빛나는 today
One Two Three
널 만나는 그 순간
빛나는 것보다 눈부신 그대
아무래도 부담 준 것 같아
너무 자꾸 연락했나 봐
틈만 나면 네가 궁금해져
혹시 너도 내 생각할까
몇 번을 적었다가
몇 번을 지웠다가
보냈어 미쳤어 웃고 있는 나
One Two Three
널 기다리는 시간
눈에 비친 모든 게
아름답게 빛나는 today
One Two Three
널 만나는 그 순간
빛나는 것보다 눈부셔
One Two Three 한 걸음씩
One Two Three 다가갈게
One Two Three 원한다면
One Two Three 안아줄래
One Two Three 좋아한다고
One Two Three 말해줄래
One Two Three 수많은 사람
One Two Two 우리 단 둘이
One Two Three
널 기다리는 시간
눈에 비친 모든 게
아름답게 빛나는 today
One Two Three
널 만나는 그 순간
빛나는 것보다 눈부셔
One Two Three
셀 수도 없이 많아
같이 가고 싶은 곳 같이 먹고 싶은 거
One Two Three
날 보며 웃는 순간
아무 생각도 안나 그냥
One Two Three
다 세지 못해
널 좋아하는 이유
One Two Three
더 빨라도 돼
One Two Three 내 발걸음
One Two Three 좋아한다고
One Two Three 말해줄래
One Two Three 수많은 사람
One Two Two 우리 단 둘이"
141,CHEEZE (치즈),돌아가자,"어려웠지 넌 어렴풋이
늘 지친 얼굴인걸 모르겠지
쓸쓸한 듯 웃고
괜찮다 내뱉고선 잠이 든다
맞아 난 잘 몰라
네가 얼마나 아팠었는지
알고 싶었지만
그냥 네 옆에 있을게
이 작은 방 앞에서 기다릴게
꼭꼭 숨어버린
너의 눈물을 기다릴게
그래 괜찮아 늦어도 돼
그 동안 외롭던 길
이제는 나랑 손잡고 돌아가자
이대로
맞아 난 잘 몰라
네가 얼마나 아팠었는지
알고 싶었지만
그냥 네 옆에 있을게
이 작은 방 앞에서 기다릴게
꼭꼭 숨어버린
너의 눈물을 기다릴게
그래 괜찮아 늦어도 돼
그 동안 외롭던 길
이제는 나랑 손잡고 돌아가자
이젠
깊게 묻어둔 슬픔들은
그만 뒤로 하고
버티고 버티다 빛 바래진 너를
내 품 안에 가득 안아
이 작은 방 앞에서 기다릴게
끝내 삼켜버린
너의 눈물을 기다릴게
그래 괜찮아 늦어도 돼
그 동안 외롭던 길 이제는
나랑 손잡고 걸어가자
이제"
142,벤,그대여 그대여 나의 그대여,"계절이 바뀌고 꽃이 지듯이
영원한 건 없단 걸 알면서
더 바라게 되고 자꾸 기대하게 돼
체념 그게 잘 안돼
너의 눈에 비친 나의 모습이
자꾸 안쓰러 보여서
더 원하게 되고 더 애를 쓰게 돼
끝이 왔다는 걸 알면서
그대여 그대여 나의 그대여
이제 시간이 지난만큼
그대로 흘려버릴까요
그대여 그대여 나의 그대여
제발 처음 그 모습처럼
제자리로 돌아와요
결국 우리는 다른 사람들처럼
좋았던 기억 마저도
잊었다는 것 조차 잊어버린채
남이 되어가나요
그대여 그대여 나의 그대여
이제 시간이 지난만큼
그대로 흘려버릴까요
그대여 그대여 나의 그대여
제발 처음 그 모습처럼
제자리로 돌아와요
그대여 그대여 나의 그대여
우리 있는 힘을 다 해서
행복하면 안될까요
그대여 그대여 나의 그대여
제발 처음 그 모습처럼
제자리로 돌아와요"
143,아이유,다섯째 손가락,"첫 눈보다 하얀 나비
노을보다 빨간 장미
커피보다 까만 아이 그 눈빛이
날 자꾸 설레게만 하는데
너랑 나랑 둘 뿐인데
너 혼자만 들을 텐데
왜 말하지 못 하는지 왜 이러지
또 하루 미루어진 내 고백
가만 너를 보고 있었던
나의 손을 잡은 그 때
I love you I need you
I love you I need you
우리 둘의 시간 이제부터 시작
다섯째 손가락에 약속해

동그랗게 내린 달빛에
서로 마주 섰던 그 때
I love you I need you
I love you I need you
우리 둘의 시간 이제부터 시작
다섯째 손가락에 약속해

꿈만 같은 시간 기분 좋은 시작
단잠에 들기 전에 기도해
I love you I need you forever"
144,김윤아,목소리,"시든 꽃도 숨 쉰다
깊은 새벽은 푸르다
노랫소린 더 작아질 뿐
사라지지 않는다
So if you know the right way
멈추지마 또 걸어가
고요해진 마음에
들려오는 멜로디
많은 사람 스친다
매일 눈빛이 다르다
계절의 끝 그 길 위에
고단함을 벗는다
So if you know the right way
돌아서서 또 바라봐
Without any words spoken
전해지는 목소리
멜로디
기억 속 짧은 시간을
부르는 목소리
조용히
나직이"
145,오마이걸 (OH MY GIRL),우리 이야기,"비밀스런 나의 작은 세상이
항상 꿈꿔 왔던 너로 채워져 가
멈춰 있던 심장을 다시 뛰게 한 넌
나를 설레게 해 그때처럼
서툴렀던 내 모습과 낯선 공간들도
행복으로 바꿔준 너라는 마법
잠들었던 나의 세상이
파랗게 물들어
아름다운 넌 꿈인 것 같아
너와 두 눈을 맞추고서
말하고 싶은 걸
기적과 같아 우리 이야기는 영원해
oh forever with you
숨겨왔던 너를 향한 내 마음을
보여줄 생각에 웃음이나
떨리는 나의 두 손을 꼭 잡아줄래
비밀스런 내 맘에 너를 초대할게
잠들었던 나의 세상이
파랗게 물들어
아름다운 넌 꿈인 것 같아
너와 두 눈을 맞추고서
말하고 싶은 걸
기적과 같아 우리 이야기는 영원해
oh forever with you
우릴 향한 바람이 불어와
한걸음 너에게 다가가면
늘 같은 마음으로
계속 난 너와 꿈꿀래
네가 준 믿음이 날 웃게 하니까
우릴 향해 내린 햇살과
불어오는 바람
그 아래 너와 나 꿈인 것 같아
너와 두 발을 맞추면서
계속 걷고 싶어
기적과 같아 우리 이야기는 영원해
forever with you"
146,사비나앤드론즈,My Home (Eugene's Song),"Close your eyes and hear
inner voices within
my heart, for all is unknown

So maybe lie
shows better life for our days
it's more than meets the eye

저의 이야기들은
아직 알려지지 않은 게
너무나 많아요

눈을 감고 제 마음속
깊이 숨어 있는
목소리를 들어주세요

어쩌면 거짓으로 덮인 인생이
우리에게 필요하다고 느낄 때가 있죠

그렇지만 우리 인생은
보이는 것 이상의 것이 있죠


When the stars fly away
the shadow next to me
is the only one standing with me

One day will they come
back to places they belong
I believe that day will come

밤에 별들이 사라지고
내게 중요했던 그것, 그대...

그 시간들이 사라지면
내 옆에 남아있는 건
제 자신의 그림자뿐이 없죠

가끔 그날들이 다시 돌아올까 궁금해요
그 별들이, 중요했던 것 들이
다시 제 자리를 찾아 돌아올까요

그래도 전 믿어요 그런 날이 올 거라는 걸


Say that everything
will be fine after all
I will always be here

Say that when it's time
it'll be deeper than before
I will always be here

시간이 지나면 모든 게 다
괜찮아질 거라고 말해주세요

그날이 올 때까지 기다릴게요
만약 우리가 다시 만나게 된다면

우리의 사랑과 시간들은 더욱더 깊어질 거예요
항상 변치 않고 여기에 있을게요


Close your eyes and see
with your eyes of your heart
One that is within my heart

So tell me why
is this only way for our days
It’s more than meets the eye

눈을 감고
마음의 눈으로
한 번 봐줄 수 있나요

제 안에 있는 이 모든 것들을
말해주세요

이렇게 되는 것 만이
우리의 길인지

지금 당장 보이는 것
그 이상의 것이 있을까요


I just wanna know
within one hope
if you will ever see it

I just wanna know
one thing that is all
if our days will be back

내 작은 희망 속에서
당신이 나를 볼 수 있을지
너무 걱정돼요

저는 그냥 우리의 날들이 다시 돌아올까
그것 하나만 알고 싶고 궁금해요


Say that everything
will be fine after all
I will always be here

Say that when it's time
it'll be deeper than before
I will always be here

시간이 지나면 모든 게 다
괜찮아질 거라고 말해주세요

그날이 올 때까지 기다릴게요
만약 우리가 다시 만나게 된다면

우리의 사랑과 시간들은 더욱더 깊어질 거예요
항상 변치 않고 여기에 있을게요"
147,어쿠루브,내게 기대,"무슨 말이 가장 필요할까요
작아진 그대에게
사실 거창한 어떤 말보다
아무 말 않는 것도
조금 무거웠던 하루의
짐을 내려놓고
내일 다가올 좋은 일들만
하나씩 말해봐요
햇살이 부서지듯
우릴 비춰주는데
울 것 같은 그대 얼굴
뭐가 그렇게 그댈 힘들게 하는지
바람도 울컥했던
그대 맘을 아는 듯
때마침 불어와 워어어
잠시 내게 기대 쉬어가요
바람 한 점 없는 바다와
출렁임 없는 파도
같은 사람이 어딨겠어요
이제는 걱정 마요
햇살이 부서지듯
우릴 비춰주는데
울 것 같은 그대 얼굴
뭐가 그렇게 그댈 힘들게 하는지
그대 한꺼번에 쏟아내도
갑자기 불쑥 꺼내놔도
걱정 안 해도 될 거예요 항상
그 곁에 있을 테니까
들어요
그댄 지금도 잘하고 있다고
예쁜 꽃을 활짝 피울 수 있다고
구름 한 점 없는 봄날처럼"
148,노을,너의 뒤에서,"어제는 비가 내렸어 너도 알고 있는지
돌아선 그 골목에서 눈물이
언제나 힘들어하던 너를 바라보면서
이미 이별을 예감할 수가 있었어
너에겐 너무 모자란
나란 걸 알고 있기 때문에
지금 떠나는 널 나는 잡을 수 없는 거야
넌 이제 떠나지만 너의 뒤에 서 있을 거야
조금은 멀리 떨어져서
조금도 부담스럽지 않게
이제 떠나는 길에 힘들고 지쳐 쓰러질 때
조금도 기다리지 않고
나에게 안기어 쉴 수 있게
너의 뒤에서
언젠가 또다시 내가 필요할지도 몰라
나의 사랑이 나의 손길이 또다시
표정 없는 아픔의 말을
너는 많이도 미워하겠지
돌아선 나의 눈가에 고인 눈물을 알까
넌 이제 떠나지만 너의 뒤에 서 있을 거야
조금은 멀리 떨어져서
조금도 부담스럽지 않게
이제 떠나는 길에 힘들고 지쳐 쓰러질 때
조금도 기다리지 않고
나에게 안기어 쉴 수 있게
너의 뒤에서
너의 뒤에서"
149,라키 (ASTRO),S#1.,"널 바라보다가 새어 나온 말 (이 순간을 잊지 않길)
참 서리게 행복하잖아 (이 순간 영원하길)
안아도 될까
내 품에 가득 채워도 될까 (널 담을 수 있다면)
종일 너와 포개어 있고 싶어 umm (my love)

우연했던 우리의 첫 눈맞춤
온 세상 뒤집혔어
우두커니 서 바보 같은 인사말
날씨가 좋네요

너의 까만 눈동자
날 반기는 듯한
시선에 멈췄어
태양 닮은 두 볼로
그 반달 입술로
대답한다면 여전히 난

Hi 물끄러미 서 부끄러운 미소
지으며 ah, hi
햇살이 예쁘니까 저와 산책할래요?

날 바라보며 문득 해주는 말 (나 그대가 낯설어요)
그래서 더 두근거려요 (매일이 새로워요)

하면서 점점 다 까먹고
날 알아보지 못하는 거 같을 때가
많아졌어 혼자 다치고 그걸 몰라보고
지난 널 바라볼 때 난 설마 했었어
그래 이상하다 했었어
이제야 조각조각 맞춰지는 그간의 기억들 의미 알아버렸어

날 향한 너의 쓰린 첫 눈방울
온 세상 뒤집혔어
우두커니 서 겨우 꺼내 보는 말
날씨가 좋네요

너의 까만 눈동자
날 모르는 듯한
눈빛에 멈췄어
당황스러운 표정에
떨리는 두 손에 가슴이 아려왔지만 난

Hi 목이 메어서 고장이 났어
그래도 ah, hi
노을이 예쁘니까 저와 산책할래요?

(나 이제 너도 까먹을 거야 나 말고 다른 사람 만나)

아니야 울지 말아요 모든 게 장난이잖아
우리 약속했잖아 날 잊지 않는다고 uh uh
영원할 거라고

너의 까만 눈동자
날 잊은 눈빛에
마음이 쓰려요
날 잃어버린 그대
또다시 시작해
사랑할 수만 있다면 나

Hi 매일 나타나 먼저 인사하면 되니까
Hi 달밤이 예쁘니까 저와 산책할래요?"
